group,visitor_id,play_game_seconds,user_age,converted
A,0,233,56,1
A,1,281,46,0
A,2,208,32,0
A,3,234,25,0
A,4,223,38,0
A,5,256,56,0
A,6,237,36,0
A,7,282,40,0
A,8,212,28,0
A,9,279,28,0
A,10,269,41,0
A,11,205,53,0
A,12,239,57,0
A,13,299,41,0
A,14,260,20,0
A,15,237,39,0
A,16,285,19,0
A,17,231,41,0
A,18,261,47,0
A,19,256,55,0
A,20,207,19,0
A,21,243,38,0
A,22,250,50,0
A,23,281,29,0
A,24,210,39,0
A,25,244,42,0
A,26,210,44,0
A,27,288,59,0
A,28,221,45,0
A,29,230,33,0
A,30,282,32,0
A,31,254,20,0
A,32,278,54,0
A,33,286,24,0
A,34,211,38,0
A,35,282,26,0
A,36,269,56,0
A,37,204,35,0
A,38,265,21,0
A,39,247,42,0
A,40,210,31,0
A,41,275,26,1
A,42,200,43,0
A,43,259,19,0
A,44,285,37,0
A,45,220,45,0
A,46,272,24,0
A,47,298,25,0
A,48,220,52,0
A,49,263,31,0
A,50,297,34,1
A,51,294,53,0
A,52,229,57,0
A,53,251,21,1
A,54,224,19,1
A,55,271,23,0
A,56,283,59,0
A,57,238,21,0
A,58,246,46,0
A,59,207,35,0
A,60,244,43,0
A,61,207,51,0
A,62,225,27,0
A,63,200,53,0
A,64,287,31,0
A,65,248,48,0
A,66,259,32,1
A,67,213,25,0
A,68,283,31,0
A,69,221,40,0
A,70,261,57,0
A,71,233,38,0
A,72,273,33,0
A,73,298,35,0
A,74,252,41,0
A,75,236,43,0
A,76,299,42,0
A,77,260,58,0
A,78,224,46,0
A,79,206,32,1
A,80,292,18,0
A,81,244,42,1
A,82,241,24,0
A,83,236,26,0
A,84,252,41,0
A,85,214,18,0
A,86,289,25,0
A,87,253,41,0
A,88,287,28,0
A,89,292,34,0
A,90,270,25,0
A,91,233,52,1
A,92,235,52,0
A,93,247,50,0
A,94,213,22,0
A,95,266,59,0
A,96,291,56,0
A,97,259,58,0
A,98,295,45,1
A,99,289,24,1
A,100,264,26,0
A,101,273,25,0
A,102,224,29,0
A,103,220,51,0
A,104,200,50,0
A,105,255,40,0
A,106,289,41,0
A,107,274,54,0
A,108,235,52,0
A,109,217,57,0
A,110,233,39,0
A,111,241,44,0
A,112,202,52,0
A,113,281,18,0
A,114,290,52,0
A,115,284,54,0
A,116,244,31,0
A,117,243,20,0
A,118,237,18,0
A,119,266,22,0
A,120,251,43,1
A,121,291,31,0
A,122,231,56,0
A,123,256,44,0
A,124,239,26,1
A,125,240,32,0
A,126,207,32,0
A,127,246,43,0
A,128,239,59,0
A,129,241,30,0
A,130,287,49,0
A,131,278,56,0
A,132,272,49,0
A,133,277,21,0
A,134,270,47,0
A,135,205,54,0
A,136,260,40,0
A,137,237,56,0
A,138,273,32,0
A,139,241,46,0
A,140,247,53,0
A,141,210,30,0
A,142,200,49,0
A,143,215,24,0
A,144,266,39,1
A,145,242,45,0
A,146,209,19,0
A,147,293,59,0
A,148,280,23,0
A,149,294,45,1
A,150,200,45,0
A,151,296,37,0
A,152,224,47,0
A,153,275,28,0
A,154,299,45,0
A,155,289,42,0
A,156,286,56,1
A,157,209,50,0
A,158,238,18,0
A,159,223,44,0
A,160,216,30,0
A,161,298,58,0
A,162,275,20,0
A,163,278,56,0
A,164,208,23,0
A,165,201,25,0
A,166,206,44,0
A,167,265,26,0
A,168,203,54,1
A,169,207,50,0
A,170,243,59,0
A,171,289,41,1
A,172,204,32,1
A,173,269,49,0
A,174,261,49,0
A,175,268,41,0
A,176,228,58,1
A,177,208,29,0
A,178,214,56,0
A,179,226,19,0
A,180,262,20,0
A,181,264,54,0
A,182,232,34,1
A,183,300,19,0
A,184,221,19,0
A,185,292,45,0
A,186,259,40,0
A,187,227,54,0
A,188,272,49,0
A,189,216,50,0
A,190,200,18,0
A,191,256,36,0
A,192,290,19,1
A,193,206,43,0
A,194,260,49,0
A,195,282,23,0
A,196,232,49,1
A,197,230,21,0
A,198,261,28,0
A,199,252,34,0
A,200,261,55,0
A,201,213,41,0
A,202,229,22,1
A,203,214,51,0
A,204,279,23,1
A,205,249,39,0
A,206,298,28,0
A,207,229,33,0
A,208,281,50,0
A,209,227,26,0
A,210,227,23,0
A,211,234,33,0
A,212,240,46,0
A,213,277,20,0
A,214,207,37,0
A,215,247,53,0
A,216,281,36,0
A,217,289,43,0
A,218,200,20,0
A,219,209,36,0
A,220,223,37,0
A,221,290,49,1
A,222,277,24,0
A,223,283,58,1
A,224,261,50,0
A,225,267,57,1
A,226,260,56,0
A,227,278,35,1
A,228,292,57,0
A,229,203,18,0
A,230,256,28,0
A,231,277,45,0
A,232,239,42,0
A,233,289,40,0
A,234,207,48,0
A,235,269,47,0
A,236,253,59,0
A,237,298,52,0
A,238,239,24,0
A,239,242,33,0
A,240,246,43,0
A,241,260,19,0
A,242,261,18,0
A,243,265,29,0
A,244,202,22,0
A,245,207,54,0
A,246,215,49,0
A,247,282,26,1
A,248,281,58,0
A,249,213,52,0
A,250,292,36,0
A,251,214,33,0
A,252,219,20,0
A,253,227,37,0
A,254,229,41,0
A,255,206,50,0
A,256,239,41,0
A,257,270,28,0
A,258,256,25,0
A,259,289,53,1
A,260,235,55,0
A,261,236,57,0
A,262,280,37,0
A,263,275,52,0
A,264,206,42,0
A,265,205,52,0
A,266,253,42,0
A,267,248,46,0
A,268,220,35,1
A,269,223,35,0
A,270,279,19,0
A,271,280,52,0
A,272,214,33,0
A,273,267,58,0
A,274,256,53,0
A,275,212,50,0
A,276,267,21,0
A,277,274,50,0
A,278,210,31,0
A,279,250,38,0
A,280,278,37,0
A,281,267,25,0
A,282,217,24,0
A,283,258,20,0
A,284,243,34,0
A,285,292,50,1
A,286,237,29,0
A,287,237,39,0
A,288,260,39,0
A,289,214,47,0
A,290,229,55,0
A,291,266,55,0
A,292,221,25,0
A,293,202,44,0
A,294,238,44,0
A,295,289,51,0
A,296,224,38,0
A,297,247,47,0
A,298,295,50,0
A,299,266,45,0
A,300,255,50,1
A,301,300,22,0
A,302,221,36,0
A,303,296,21,0
A,304,208,52,0
A,305,290,34,0
A,306,234,45,0
A,307,280,47,0
A,308,268,46,0
A,309,242,23,1
A,310,272,52,0
A,311,268,58,0
A,312,228,54,0
A,313,243,41,0
A,314,252,46,0
A,315,215,48,0
A,316,250,52,0
A,317,234,50,0
A,318,241,38,0
A,319,206,49,0
A,320,248,40,0
A,321,254,50,0
A,322,234,20,0
A,323,215,35,1
A,324,218,42,0
A,325,277,59,0
A,326,228,48,0
A,327,253,20,0
A,328,203,57,0
A,329,246,41,0
A,330,203,49,0
A,331,230,39,0
A,332,286,40,0
A,333,206,19,0
A,334,285,44,0
A,335,213,59,0
A,336,296,19,0
A,337,267,43,0
A,338,213,34,0
A,339,246,57,0
A,340,297,50,0
A,341,276,26,0
A,342,200,56,0
A,343,252,46,1
A,344,230,59,0
A,345,288,43,0
A,346,282,52,0
A,347,265,42,0
A,348,236,41,0
A,349,214,30,0
A,350,226,24,0
A,351,211,53,0
A,352,239,37,0
A,353,282,18,0
A,354,300,25,0
A,355,223,33,1
A,356,300,31,0
A,357,259,29,0
A,358,228,40,0
A,359,248,32,0
A,360,209,45,0
A,361,266,51,0
A,362,207,19,0
A,363,268,49,1
A,364,237,40,0
A,365,205,39,0
A,366,234,42,0
A,367,231,39,0
A,368,203,39,0
A,369,263,59,0
A,370,239,23,0
A,371,227,32,0
A,372,275,54,0
A,373,259,50,0
A,374,217,25,0
A,375,222,22,0
A,376,222,56,0
A,377,207,21,0
A,378,250,23,0
A,379,232,49,0
A,380,224,47,0
A,381,293,52,0
A,382,288,57,0
A,383,216,33,0
A,384,227,30,0
A,385,202,59,0
A,386,223,47,0
A,387,207,36,0
A,388,220,34,0
A,389,234,36,0
A,390,231,45,1
A,391,273,43,1
A,392,234,54,0
A,393,287,43,1
A,394,224,40,0
A,395,218,26,0
A,396,239,29,0
A,397,265,18,0
A,398,207,18,0
A,399,229,51,0
A,400,235,49,0
A,401,227,42,0
A,402,221,57,0
A,403,295,18,0
A,404,268,33,0
A,405,212,56,0
A,406,207,22,0
A,407,258,39,0
A,408,201,46,0
A,409,239,20,0
A,410,202,29,0
A,411,269,43,0
A,412,299,33,1
A,413,210,54,0
A,414,267,39,0
A,415,232,46,0
A,416,282,31,0
A,417,234,45,0
A,418,216,22,0
A,419,261,47,1
A,420,266,22,0
A,421,255,29,0
A,422,200,33,0
A,423,226,43,0
A,424,252,43,1
A,425,214,38,0
A,426,283,56,0
A,427,288,53,0
A,428,219,50,0
A,429,220,47,0
A,430,206,54,0
A,431,230,40,0
A,432,271,27,0
A,433,207,22,0
A,434,298,53,1
A,435,286,51,0
A,436,203,48,0
A,437,204,27,0
A,438,225,36,0
A,439,211,49,0
A,440,285,18,0
A,441,239,22,0
A,442,243,21,0
A,443,241,33,0
A,444,241,41,0
A,445,243,33,0
A,446,228,19,0
A,447,213,45,0
A,448,266,49,1
A,449,277,44,0
A,450,259,37,0
A,451,250,41,0
A,452,300,29,0
A,453,237,52,0
A,454,238,50,0
A,455,220,50,0
A,456,216,54,0
A,457,296,29,0
A,458,236,20,0
A,459,214,18,0
A,460,260,50,0
A,461,200,57,0
A,462,293,27,0
A,463,291,46,0
A,464,275,30,0
A,465,291,29,0
A,466,299,48,0
A,467,205,19,0
A,468,294,52,1
A,469,255,40,0
A,470,238,34,0
A,471,297,43,0
A,472,246,25,0
A,473,292,46,0
A,474,270,43,0
A,475,237,27,0
A,476,290,43,0
A,477,288,51,0
A,478,246,58,0
A,479,231,24,0
A,480,219,21,0
A,481,279,28,0
A,482,216,46,0
A,483,234,53,0
A,484,226,42,0
A,485,270,38,0
A,486,253,53,0
A,487,264,27,0
A,488,263,54,0
A,489,262,26,0
A,490,231,41,1
A,491,200,52,0
A,492,286,52,0
A,493,238,53,0
A,494,274,35,0
A,495,273,56,0
A,496,278,49,0
A,497,210,41,0
A,498,255,40,0
A,499,226,49,0
A,500,235,54,0
A,501,257,29,0
A,502,200,30,0
A,503,226,40,0
A,504,206,42,0
A,505,286,52,0
A,506,300,58,0
A,507,300,47,0
A,508,248,34,0
A,509,205,37,0
A,510,210,42,0
A,511,213,39,0
A,512,262,30,0
A,513,265,36,0
A,514,231,53,0
A,515,201,29,1
A,516,213,58,0
A,517,260,36,0
A,518,236,29,0
A,519,255,26,0
A,520,233,24,0
A,521,212,45,0
A,522,296,31,0
A,523,283,48,1
A,524,236,36,0
A,525,273,33,0
A,526,268,22,0
A,527,226,52,0
A,528,218,29,1
A,529,225,42,0
A,530,255,38,0
A,531,275,53,0
A,532,282,40,0
A,533,300,33,0
A,534,258,56,0
A,535,224,59,0
A,536,217,56,0
A,537,227,31,0
A,538,238,48,0
A,539,233,22,0
A,540,202,52,0
A,541,281,40,0
A,542,232,46,0
A,543,214,28,0
A,544,272,35,0
A,545,205,29,0
A,546,258,26,0
A,547,292,27,0
A,548,247,34,0
A,549,226,55,0
A,550,238,24,0
A,551,223,30,0
A,552,270,57,0
A,553,246,59,0
A,554,243,26,0
A,555,229,44,0
A,556,245,19,0
A,557,297,22,0
A,558,283,46,0
A,559,206,54,0
A,560,211,55,0
A,561,231,36,0
A,562,300,25,1
A,563,236,18,0
A,564,240,39,0
A,565,220,34,1
A,566,243,24,0
A,567,277,42,0
A,568,239,21,0
A,569,226,53,0
A,570,270,23,0
A,571,224,48,0
A,572,295,36,0
A,573,283,56,0
A,574,249,44,0
A,575,242,27,0
A,576,245,43,1
A,577,222,36,0
A,578,211,56,0
A,579,217,20,0
A,580,256,30,0
A,581,286,45,0
A,582,256,37,0
A,583,221,45,0
A,584,284,25,0
A,585,211,58,0
A,586,250,56,0
A,587,223,18,0
A,588,210,20,0
A,589,231,30,0
A,590,221,45,0
A,591,293,42,1
A,592,225,50,0
A,593,296,55,0
A,594,213,23,0
A,595,220,49,1
A,596,227,38,0
A,597,209,33,0
A,598,216,38,0
A,599,256,28,0
A,600,221,54,0
A,601,207,53,0
A,602,280,52,0
A,603,243,36,0
A,604,284,37,0
A,605,222,35,1
A,606,208,58,0
A,607,220,31,0
A,608,284,32,0
A,609,280,48,0
A,610,298,18,0
A,611,278,20,0
A,612,216,33,0
A,613,256,40,1
A,614,201,28,0
A,615,231,29,0
A,616,296,27,0
A,617,202,49,0
A,618,285,33,0
A,619,287,25,0
A,620,249,55,0
A,621,233,29,0
A,622,287,41,1
A,623,217,45,0
A,624,293,25,0
A,625,273,45,0
A,626,237,53,0
A,627,285,43,0
A,628,218,25,1
A,629,259,45,0
A,630,236,45,0
A,631,270,54,0
A,632,271,58,0
A,633,208,53,0
A,634,214,44,0
A,635,285,34,0
A,636,203,26,0
A,637,212,50,0
A,638,276,37,0
A,639,254,30,0
A,640,221,45,0
A,641,271,46,0
A,642,290,30,0
A,643,255,52,0
A,644,264,23,0
A,645,203,35,0
A,646,266,22,0
A,647,251,42,0
A,648,274,19,0
A,649,278,27,0
A,650,292,47,0
A,651,254,22,0
A,652,247,50,0
A,653,270,18,0
A,654,270,35,0
A,655,226,49,0
A,656,248,28,1
A,657,239,38,0
A,658,284,43,0
A,659,204,42,0
A,660,202,39,0
A,661,260,44,1
A,662,250,30,0
A,663,213,50,0
A,664,283,51,0
A,665,238,58,1
A,666,246,52,0
A,667,272,18,0
A,668,258,38,0
A,669,256,23,0
A,670,251,45,0
A,671,202,34,0
A,672,254,22,0
A,673,227,48,0
A,674,223,22,0
A,675,265,55,0
A,676,235,20,0
A,677,298,40,0
A,678,235,54,0
A,679,259,54,0
A,680,230,27,0
A,681,232,27,0
A,682,273,36,0
A,683,232,34,0
A,684,291,38,0
A,685,278,31,0
A,686,277,26,0
A,687,231,18,0
A,688,295,30,0
A,689,272,21,0
A,690,278,18,0
A,691,241,57,0
A,692,208,49,0
A,693,202,51,0
A,694,271,45,0
A,695,220,48,0
A,696,267,25,0
A,697,256,56,0
A,698,233,43,0
A,699,222,51,0
A,700,282,20,0
A,701,209,29,0
A,702,273,18,0
A,703,271,22,0
A,704,200,47,0
A,705,274,47,0
A,706,215,34,0
A,707,228,40,0
A,708,293,32,0
A,709,219,54,0
A,710,299,38,0
A,711,225,31,0
A,712,231,19,0
A,713,289,28,0
A,714,299,56,0
A,715,273,55,0
A,716,204,51,0
A,717,211,55,0
A,718,261,51,0
A,719,218,35,0
A,720,210,47,0
A,721,242,32,0
A,722,235,44,0
A,723,264,51,0
A,724,278,55,0
A,725,226,50,0
A,726,283,41,0
A,727,260,32,0
A,728,253,47,0
A,729,217,59,0
A,730,290,34,0
A,731,282,22,0
A,732,281,46,0
A,733,239,21,0
A,734,264,27,1
A,735,232,34,0
A,736,209,27,0
A,737,217,34,1
A,738,281,37,0
A,739,293,41,0
A,740,203,22,0
A,741,200,51,0
A,742,256,23,0
A,743,270,19,0
A,744,204,30,0
A,745,211,28,0
A,746,208,40,0
A,747,225,33,0
A,748,237,48,0
A,749,215,28,0
A,750,273,33,0
A,751,249,25,1
A,752,220,21,0
A,753,283,57,0
A,754,297,21,0
A,755,296,42,0
A,756,286,20,0
A,757,218,49,0
A,758,242,20,0
A,759,223,44,0
A,760,244,46,0
A,761,277,49,0
A,762,278,36,0
A,763,217,38,1
A,764,246,22,1
A,765,280,35,0
A,766,202,45,0
A,767,264,59,0
A,768,255,39,0
A,769,222,38,0
A,770,290,23,0
A,771,291,18,0
A,772,297,22,0
A,773,290,58,0
A,774,216,29,0
A,775,261,43,0
A,776,297,51,0
A,777,208,31,1
A,778,270,43,0
A,779,292,44,0
A,780,235,26,0
A,781,221,43,0
A,782,269,39,0
A,783,246,47,1
A,784,288,34,0
A,785,255,43,0
A,786,231,53,0
A,787,234,18,0
A,788,275,25,0
A,789,211,52,0
A,790,214,32,0
A,791,223,39,0
A,792,201,31,0
A,793,279,43,0
A,794,268,45,0
A,795,248,40,0
A,796,272,31,1
A,797,227,41,0
A,798,289,19,0
A,799,249,43,0
A,800,223,31,0
A,801,277,24,0
A,802,250,20,0
A,803,223,40,0
A,804,226,35,1
A,805,259,55,0
A,806,205,52,1
A,807,243,32,0
A,808,285,42,0
A,809,296,54,0
A,810,225,45,0
A,811,230,27,0
A,812,240,56,0
A,813,229,34,0
A,814,234,56,0
A,815,224,39,0
A,816,211,43,0
A,817,240,42,0
A,818,269,34,0
A,819,203,30,0
A,820,270,37,1
A,821,284,42,0
A,822,230,21,0
A,823,210,27,0
A,824,215,20,0
A,825,214,58,0
A,826,209,35,0
A,827,251,53,0
A,828,225,39,0
A,829,230,51,0
A,830,255,25,0
A,831,296,57,0
A,832,245,36,0
A,833,236,59,0
A,834,258,58,0
A,835,277,54,0
A,836,275,23,0
A,837,228,43,0
A,838,237,51,0
A,839,208,23,0
A,840,255,54,1
A,841,215,50,0
A,842,250,39,0
A,843,201,38,0
A,844,299,23,0
A,845,271,23,0
A,846,235,21,0
A,847,241,47,0
A,848,281,28,0
A,849,247,47,0
A,850,244,48,0
A,851,206,41,0
A,852,235,26,0
A,853,278,20,0
A,854,276,48,0
A,855,255,57,0
A,856,219,54,1
A,857,257,53,0
A,858,273,41,0
A,859,237,48,0
A,860,260,23,0
A,861,237,19,0
A,862,245,37,0
A,863,234,45,1
A,864,215,28,0
A,865,284,21,0
A,866,223,32,0
A,867,243,23,0
A,868,235,47,0
A,869,248,55,0
A,870,249,19,0
A,871,262,32,0
A,872,262,28,0
A,873,243,25,0
A,874,269,43,0
A,875,214,22,0
A,876,220,23,0
A,877,221,43,0
A,878,234,21,0
A,879,268,36,0
A,880,230,37,0
A,881,201,50,0
A,882,221,37,0
A,883,250,29,0
A,884,287,18,0
A,885,205,43,0
A,886,205,31,0
A,887,281,55,0
A,888,274,54,0
A,889,282,28,0
A,890,268,53,0
A,891,257,30,0
A,892,238,20,0
A,893,284,50,0
A,894,222,23,0
A,895,253,27,0
A,896,208,22,0
A,897,289,40,0
A,898,291,27,0
A,899,299,19,0
A,900,269,30,0
A,901,288,57,0
A,902,289,19,0
A,903,268,37,0
A,904,213,18,1
A,905,300,54,0
A,906,265,26,0
A,907,235,34,0
A,908,202,26,0
A,909,232,28,0
A,910,295,32,0
A,911,266,41,1
A,912,260,55,0
A,913,277,52,0
A,914,201,47,0
A,915,291,48,0
A,916,300,22,0
A,917,290,31,0
A,918,261,28,0
A,919,213,26,0
A,920,287,51,0
A,921,212,29,0
A,922,223,52,1
A,923,227,52,0
A,924,286,18,0
A,925,226,57,0
A,926,212,39,0
A,927,273,46,0
A,928,248,25,0
A,929,245,28,0
A,930,259,58,0
A,931,233,54,0
A,932,235,31,0
A,933,259,47,0
A,934,208,52,0
A,935,239,38,0
A,936,235,54,0
A,937,290,22,0
A,938,246,36,0
A,939,258,31,1
A,940,294,43,0
A,941,210,21,0
A,942,223,42,0
A,943,211,59,0
A,944,216,42,0
A,945,283,35,0
A,946,231,57,0
A,947,279,25,0
A,948,233,56,0
A,949,219,57,0
A,950,269,31,0
A,951,234,49,0
A,952,222,55,0
A,953,233,50,0
A,954,207,40,0
A,955,251,32,0
A,956,272,50,0
A,957,267,42,0
A,958,282,34,0
A,959,256,50,0
A,960,221,19,0
A,961,261,31,0
A,962,279,57,0
A,963,236,57,1
A,964,218,56,0
A,965,260,23,0
A,966,292,23,0
A,967,205,20,0
A,968,300,24,0
A,969,209,25,0
A,970,224,59,0
A,971,274,32,0
A,972,298,46,0
A,973,281,50,0
A,974,233,47,0
A,975,248,56,0
A,976,271,44,0
A,977,229,53,0
A,978,296,46,0
A,979,255,55,0
A,980,212,50,0
A,981,243,54,0
A,982,296,44,0
A,983,201,50,0
A,984,203,21,0
A,985,286,39,0
A,986,261,19,0
A,987,262,27,0
A,988,267,22,0
A,989,291,27,1
A,990,207,50,0
A,991,278,55,0
A,992,211,30,0
A,993,299,48,0
A,994,263,53,0
A,995,264,41,0
A,996,237,32,1
A,997,272,46,0
A,998,235,25,1
A,999,205,22,0
A,1000,297,46,0
A,1001,232,21,0
A,1002,292,29,1
A,1003,280,19,0
A,1004,224,44,0
A,1005,269,48,0
A,1006,202,53,0
A,1007,242,53,0
A,1008,278,43,0
A,1009,209,44,0
A,1010,210,22,0
A,1011,236,37,0
A,1012,287,28,0
A,1013,290,27,0
A,1014,238,57,0
A,1015,251,55,0
A,1016,299,23,0
A,1017,279,25,0
A,1018,259,40,0
A,1019,218,43,1
A,1020,288,29,0
A,1021,226,43,0
A,1022,253,30,0
A,1023,276,57,0
A,1024,253,35,0
A,1025,245,42,0
A,1026,218,50,1
A,1027,204,57,0
A,1028,271,29,0
A,1029,212,53,0
A,1030,210,21,0
A,1031,277,22,0
A,1032,293,54,0
A,1033,278,25,0
A,1034,270,59,1
A,1035,293,45,0
A,1036,234,48,0
A,1037,225,26,0
A,1038,281,46,0
A,1039,251,31,0
A,1040,225,57,0
A,1041,215,58,0
A,1042,297,39,0
A,1043,200,28,0
A,1044,223,40,0
A,1045,214,18,0
A,1046,298,54,0
A,1047,239,38,0
A,1048,277,43,0
A,1049,205,53,0
A,1050,217,40,1
A,1051,233,18,1
A,1052,237,57,0
A,1053,245,32,0
A,1054,238,38,0
A,1055,295,26,0
A,1056,300,26,0
A,1057,249,27,0
A,1058,246,43,0
A,1059,252,58,0
A,1060,211,52,0
A,1061,271,42,0
A,1062,214,43,0
A,1063,273,28,0
A,1064,228,55,0
A,1065,265,19,0
A,1066,230,24,0
A,1067,240,35,0
A,1068,275,44,0
A,1069,270,51,1
A,1070,287,44,0
A,1071,292,34,0
A,1072,243,41,0
A,1073,296,42,0
A,1074,203,24,0
A,1075,268,23,0
A,1076,296,41,0
A,1077,293,50,0
A,1078,212,46,1
A,1079,242,39,1
A,1080,276,43,0
A,1081,234,45,0
A,1082,240,38,0
A,1083,207,24,0
A,1084,249,34,0
A,1085,218,37,0
A,1086,297,58,0
A,1087,220,37,0
A,1088,248,39,0
A,1089,299,45,0
A,1090,211,57,0
A,1091,212,24,0
A,1092,261,18,0
A,1093,236,49,0
A,1094,298,30,0
A,1095,298,47,0
A,1096,235,40,0
A,1097,281,36,0
A,1098,257,49,0
A,1099,264,47,0
A,1100,204,46,1
A,1101,219,46,0
A,1102,282,47,0
A,1103,232,33,0
A,1104,200,57,0
A,1105,261,36,0
A,1106,218,35,0
A,1107,255,18,0
A,1108,250,31,0
A,1109,246,19,0
A,1110,235,45,0
A,1111,260,47,1
A,1112,273,55,0
A,1113,218,21,0
A,1114,286,18,0
A,1115,283,25,0
A,1116,256,46,0
A,1117,292,56,0
A,1118,251,20,1
A,1119,228,49,0
A,1120,207,27,0
A,1121,219,27,0
A,1122,221,36,0
A,1123,229,51,0
A,1124,228,50,0
A,1125,294,40,0
A,1126,278,45,0
A,1127,232,49,0
A,1128,201,24,0
A,1129,202,46,0
A,1130,235,25,0
A,1131,283,18,0
A,1132,212,20,0
A,1133,249,41,0
A,1134,244,40,0
A,1135,228,25,0
A,1136,270,54,0
A,1137,253,20,0
A,1138,259,50,0
A,1139,229,45,0
A,1140,238,25,0
A,1141,298,51,0
A,1142,201,52,0
A,1143,267,49,0
A,1144,299,41,0
A,1145,243,31,0
A,1146,299,49,0
A,1147,243,33,0
A,1148,268,21,0
A,1149,248,54,0
A,1150,226,38,0
A,1151,266,31,0
A,1152,232,48,0
A,1153,288,35,0
A,1154,296,24,0
A,1155,279,27,0
A,1156,231,24,0
A,1157,294,50,0
A,1158,278,40,0
A,1159,258,38,0
A,1160,271,36,1
A,1161,240,36,0
A,1162,201,53,0
A,1163,255,46,0
A,1164,264,35,0
A,1165,229,19,1
A,1166,245,18,0
A,1167,279,22,0
A,1168,200,37,0
A,1169,262,28,1
A,1170,267,59,0
A,1171,204,19,0
A,1172,236,20,0
A,1173,265,40,0
A,1174,266,29,1
A,1175,299,37,0
A,1176,285,22,0
A,1177,246,54,0
A,1178,270,55,0
A,1179,265,47,0
A,1180,274,26,1
A,1181,272,51,0
A,1182,206,52,1
A,1183,275,39,0
A,1184,202,41,0
A,1185,279,34,0
A,1186,290,27,0
A,1187,251,47,0
A,1188,228,40,0
A,1189,238,49,1
A,1190,278,34,0
A,1191,285,34,0
A,1192,262,31,0
A,1193,251,26,0
A,1194,219,57,0
A,1195,259,19,1
A,1196,247,42,0
A,1197,206,56,0
A,1198,240,26,0
A,1199,250,39,0
A,1200,205,21,0
A,1201,222,43,1
A,1202,299,46,0
A,1203,263,51,0
A,1204,297,40,0
A,1205,282,54,0
A,1206,288,28,0
A,1207,256,23,1
A,1208,258,35,0
A,1209,203,38,0
A,1210,298,59,0
A,1211,235,53,0
A,1212,299,58,0
A,1213,262,55,0
A,1214,230,51,0
A,1215,258,34,0
A,1216,252,54,0
A,1217,248,42,0
A,1218,201,55,0
A,1219,200,29,0
A,1220,272,40,1
A,1221,202,59,0
A,1222,263,39,0
A,1223,288,38,0
A,1224,252,44,0
A,1225,296,48,0
A,1226,231,23,0
A,1227,249,44,0
A,1228,293,57,0
A,1229,286,51,0
A,1230,207,29,0
A,1231,265,24,0
A,1232,213,27,0
A,1233,284,34,0
A,1234,293,43,1
A,1235,230,38,0
A,1236,252,45,0
A,1237,247,19,0
A,1238,240,18,0
A,1239,265,53,0
A,1240,243,43,0
A,1241,235,46,0
A,1242,285,38,0
A,1243,234,28,0
A,1244,200,57,1
A,1245,226,28,0
A,1246,219,53,1
A,1247,261,56,0
A,1248,277,57,0
A,1249,208,52,1
A,1250,236,51,0
A,1251,276,41,0
A,1252,247,39,0
A,1253,252,22,0
A,1254,203,50,0
A,1255,237,53,0
A,1256,290,37,0
A,1257,203,36,0
A,1258,269,52,0
A,1259,250,34,0
A,1260,220,51,0
A,1261,226,26,1
A,1262,289,43,0
A,1263,257,19,1
A,1264,287,26,0
A,1265,250,26,0
A,1266,289,57,0
A,1267,240,34,0
A,1268,227,18,0
A,1269,235,42,0
A,1270,213,57,0
A,1271,294,59,0
A,1272,203,42,1
A,1273,294,56,0
A,1274,226,52,0
A,1275,256,20,0
A,1276,274,54,0
A,1277,269,47,0
A,1278,204,55,0
A,1279,257,51,0
A,1280,290,29,0
A,1281,223,36,0
A,1282,213,54,0
A,1283,224,34,0
A,1284,240,27,0
A,1285,260,29,0
A,1286,257,33,1
A,1287,273,41,0
A,1288,285,36,0
A,1289,273,25,0
A,1290,201,48,0
A,1291,294,38,0
A,1292,300,34,0
A,1293,259,40,0
A,1294,273,54,0
A,1295,247,33,0
A,1296,267,23,0
A,1297,293,25,0
A,1298,216,42,0
A,1299,271,35,0
A,1300,255,42,0
A,1301,297,29,1
A,1302,273,32,0
A,1303,266,43,0
A,1304,278,58,0
A,1305,244,43,0
A,1306,263,49,0
A,1307,235,27,0
A,1308,213,33,1
A,1309,262,24,0
A,1310,244,34,0
A,1311,294,40,0
A,1312,279,43,0
A,1313,251,38,1
A,1314,225,39,0
A,1315,235,24,1
A,1316,252,31,1
A,1317,211,32,0
A,1318,237,24,0
A,1319,266,26,0
A,1320,245,25,0
A,1321,234,40,0
A,1322,218,46,0
A,1323,282,35,0
A,1324,297,48,1
A,1325,257,47,0
A,1326,205,56,0
A,1327,208,52,0
A,1328,205,35,1
A,1329,240,59,0
A,1330,271,56,0
A,1331,295,34,0
A,1332,205,31,0
A,1333,287,48,0
A,1334,236,41,0
A,1335,281,52,0
A,1336,277,51,0
A,1337,248,20,0
A,1338,233,54,0
A,1339,279,57,0
A,1340,245,43,1
A,1341,227,40,0
A,1342,250,56,0
A,1343,259,32,0
A,1344,232,21,0
A,1345,248,46,0
A,1346,232,39,0
A,1347,272,42,0
A,1348,248,30,0
A,1349,254,35,0
A,1350,286,50,0
A,1351,299,33,0
A,1352,222,59,0
A,1353,212,19,0
A,1354,222,52,0
A,1355,295,59,0
A,1356,254,51,0
A,1357,249,47,0
A,1358,277,30,0
A,1359,254,30,0
A,1360,233,35,0
A,1361,212,49,1
A,1362,260,49,0
A,1363,276,52,0
A,1364,226,56,0
A,1365,280,46,0
A,1366,287,46,0
A,1367,286,33,0
A,1368,279,27,1
A,1369,261,47,0
A,1370,284,42,0
A,1371,260,56,0
A,1372,291,37,0
A,1373,237,22,0
A,1374,224,18,0
A,1375,279,47,1
A,1376,243,20,0
A,1377,260,31,0
A,1378,230,47,0
A,1379,204,21,1
A,1380,281,35,0
A,1381,217,54,0
A,1382,223,42,0
A,1383,296,18,0
A,1384,255,32,0
A,1385,293,26,1
A,1386,230,32,0
A,1387,289,41,0
A,1388,220,21,0
A,1389,229,29,0
A,1390,250,54,0
A,1391,287,54,0
A,1392,277,23,0
A,1393,261,56,0
A,1394,268,41,0
A,1395,296,28,0
A,1396,262,30,1
A,1397,252,51,0
A,1398,296,42,0
A,1399,259,24,0
A,1400,251,21,0
A,1401,207,25,0
A,1402,269,37,0
A,1403,232,46,0
A,1404,217,27,0
A,1405,281,51,0
A,1406,225,43,0
A,1407,265,58,0
A,1408,243,20,0
A,1409,245,23,0
A,1410,291,22,0
A,1411,217,22,0
A,1412,238,40,0
A,1413,236,26,1
A,1414,285,52,0
A,1415,273,37,0
A,1416,225,59,0
A,1417,265,52,0
A,1418,207,35,1
A,1419,212,34,1
A,1420,299,41,0
A,1421,254,20,0
A,1422,205,49,0
A,1423,225,52,0
A,1424,227,55,0
A,1425,221,30,0
A,1426,204,42,0
A,1427,255,26,0
A,1428,222,21,0
A,1429,290,31,0
A,1430,247,54,0
A,1431,274,51,0
A,1432,261,28,0
A,1433,268,58,0
A,1434,214,20,0
A,1435,245,45,1
A,1436,240,46,0
A,1437,204,26,0
A,1438,201,20,0
A,1439,218,42,0
A,1440,290,51,0
A,1441,223,29,0
A,1442,243,59,0
A,1443,208,26,0
A,1444,252,32,0
A,1445,299,57,0
A,1446,258,42,0
A,1447,202,22,0
A,1448,223,28,0
A,1449,264,51,0
A,1450,233,41,0
A,1451,236,32,1
A,1452,285,55,0
A,1453,247,25,0
A,1454,235,22,1
A,1455,275,43,0
A,1456,240,35,0
A,1457,213,23,0
A,1458,276,54,0
A,1459,229,30,0
A,1460,226,45,0
A,1461,293,22,0
A,1462,274,30,0
A,1463,288,34,1
A,1464,222,57,0
A,1465,217,49,0
A,1466,202,46,0
A,1467,279,20,0
A,1468,283,57,0
A,1469,238,51,0
A,1470,227,57,0
A,1471,285,44,0
A,1472,212,30,0
A,1473,290,50,0
A,1474,292,23,0
A,1475,257,41,0
A,1476,293,36,0
A,1477,209,33,1
A,1478,215,57,0
A,1479,227,45,0
A,1480,269,50,0
A,1481,248,58,0
A,1482,246,30,0
A,1483,248,42,0
A,1484,262,59,0
A,1485,286,53,0
A,1486,277,44,0
A,1487,216,55,0
A,1488,252,24,0
A,1489,207,22,0
A,1490,221,48,0
A,1491,282,40,0
A,1492,255,59,1
A,1493,203,27,0
A,1494,255,49,0
A,1495,285,47,0
A,1496,209,56,0
A,1497,205,48,0
A,1498,213,35,0
A,1499,270,53,0
A,1500,248,19,0
A,1501,252,31,0
A,1502,267,30,0
A,1503,287,46,0
A,1504,286,29,1
A,1505,209,56,0
A,1506,225,19,0
A,1507,234,49,0
A,1508,239,30,0
A,1509,237,44,0
A,1510,206,58,0
A,1511,268,34,0
A,1512,257,57,0
A,1513,292,48,0
A,1514,288,51,0
A,1515,230,41,0
A,1516,211,52,0
A,1517,267,23,0
A,1518,247,36,0
A,1519,213,47,0
A,1520,235,24,0
A,1521,243,27,1
A,1522,296,58,0
A,1523,230,49,0
A,1524,282,51,0
A,1525,285,45,0
A,1526,277,32,0
A,1527,296,47,0
A,1528,200,54,0
A,1529,236,46,0
A,1530,238,39,1
A,1531,253,21,0
A,1532,270,37,0
A,1533,203,49,0
A,1534,216,53,0
A,1535,255,21,0
A,1536,212,44,0
A,1537,277,34,0
A,1538,268,29,0
A,1539,254,39,0
A,1540,202,34,0
A,1541,201,27,0
A,1542,279,18,0
A,1543,271,39,0
A,1544,225,43,0
A,1545,215,35,1
A,1546,294,31,0
A,1547,202,46,0
A,1548,228,29,0
A,1549,290,53,0
A,1550,204,52,0
A,1551,281,29,0
A,1552,220,24,0
A,1553,225,46,0
A,1554,238,28,1
A,1555,226,50,0
A,1556,279,23,0
A,1557,256,32,0
A,1558,226,49,0
A,1559,251,28,0
A,1560,259,40,0
A,1561,205,43,0
A,1562,254,51,1
A,1563,282,51,0
A,1564,211,46,0
A,1565,255,21,0
A,1566,261,34,0
A,1567,236,52,0
A,1568,280,30,0
A,1569,267,58,0
A,1570,299,56,0
A,1571,222,32,0
A,1572,249,46,0
A,1573,261,46,0
A,1574,234,28,1
A,1575,217,49,0
A,1576,249,19,0
A,1577,274,31,0
A,1578,242,37,0
A,1579,246,39,0
A,1580,261,28,0
A,1581,211,44,0
A,1582,204,20,0
A,1583,292,34,0
A,1584,223,45,0
A,1585,299,46,0
A,1586,232,38,0
A,1587,284,33,0
A,1588,232,54,0
A,1589,246,37,1
A,1590,205,23,0
A,1591,270,36,0
A,1592,291,22,0
A,1593,273,20,0
A,1594,247,18,0
A,1595,292,55,0
A,1596,285,32,0
A,1597,296,51,0
A,1598,207,52,0
A,1599,238,42,0
A,1600,285,41,0
A,1601,218,29,0
A,1602,244,35,0
A,1603,224,32,0
A,1604,286,33,0
A,1605,216,44,0
A,1606,248,25,0
A,1607,287,42,0
A,1608,214,34,0
A,1609,214,46,0
A,1610,229,25,1
A,1611,299,32,0
A,1612,273,44,1
A,1613,262,24,0
A,1614,262,20,0
A,1615,219,46,0
A,1616,257,41,0
A,1617,212,20,0
A,1618,221,37,0
A,1619,243,32,0
A,1620,237,42,0
A,1621,216,47,0
A,1622,262,31,0
A,1623,260,24,0
A,1624,212,34,0
A,1625,294,37,0
A,1626,275,53,0
A,1627,215,26,0
A,1628,233,55,0
A,1629,298,39,0
A,1630,268,19,0
A,1631,255,41,0
A,1632,223,25,0
A,1633,298,28,0
A,1634,276,30,0
A,1635,215,34,0
A,1636,239,25,0
A,1637,255,38,0
A,1638,283,35,0
A,1639,292,47,0
A,1640,288,35,0
A,1641,204,48,0
A,1642,244,55,0
A,1643,230,49,0
A,1644,288,28,0
A,1645,241,42,0
A,1646,250,50,0
A,1647,285,55,1
A,1648,282,58,0
A,1649,241,25,0
A,1650,294,28,0
A,1651,201,39,0
A,1652,274,41,0
A,1653,250,58,0
A,1654,228,34,0
A,1655,236,29,0
A,1656,201,49,0
A,1657,259,32,0
A,1658,204,33,0
A,1659,227,39,0
A,1660,272,45,1
A,1661,287,37,0
A,1662,284,50,0
A,1663,244,27,0
A,1664,275,57,0
A,1665,208,49,1
A,1666,221,50,0
A,1667,247,19,0
A,1668,297,50,0
A,1669,263,50,0
A,1670,208,58,0
A,1671,273,30,0
A,1672,283,47,0
A,1673,291,50,0
A,1674,226,30,1
A,1675,244,43,0
A,1676,273,39,0
A,1677,213,56,0
A,1678,294,19,0
A,1679,232,55,0
A,1680,247,56,0
A,1681,300,43,0
A,1682,214,32,0
A,1683,280,51,0
A,1684,252,59,0
A,1685,209,57,0
A,1686,244,28,0
A,1687,294,20,0
A,1688,258,23,0
A,1689,239,26,0
A,1690,219,23,0
A,1691,262,26,1
A,1692,290,56,1
A,1693,272,48,0
A,1694,261,49,0
A,1695,215,58,0
A,1696,255,29,0
A,1697,256,25,0
A,1698,287,25,0
A,1699,239,45,0
A,1700,251,37,0
A,1701,273,24,0
A,1702,266,28,0
A,1703,229,37,0
A,1704,279,33,0
A,1705,247,21,0
A,1706,236,23,0
A,1707,241,39,1
A,1708,253,43,0
A,1709,272,20,0
A,1710,244,58,0
A,1711,217,59,0
A,1712,254,31,1
A,1713,211,28,0
A,1714,268,35,0
A,1715,245,29,0
A,1716,294,40,1
A,1717,204,29,0
A,1718,254,30,1
A,1719,223,42,0
A,1720,271,36,0
A,1721,293,53,0
A,1722,274,25,0
A,1723,246,46,0
A,1724,256,49,0
A,1725,215,35,0
A,1726,211,23,0
A,1727,264,35,0
A,1728,263,36,0
A,1729,288,39,0
A,1730,282,54,0
A,1731,227,49,0
A,1732,262,58,0
A,1733,257,20,0
A,1734,289,45,0
A,1735,249,27,0
A,1736,239,52,0
A,1737,212,46,0
A,1738,300,32,0
A,1739,204,50,0
A,1740,243,24,0
A,1741,213,29,0
A,1742,250,47,0
A,1743,298,38,0
A,1744,242,48,0
A,1745,268,41,0
A,1746,279,37,0
A,1747,224,54,0
A,1748,284,21,1
A,1749,224,45,0
A,1750,288,37,0
A,1751,202,41,0
A,1752,255,49,0
A,1753,252,58,0
A,1754,259,53,0
A,1755,284,51,0
A,1756,284,53,0
A,1757,290,19,0
A,1758,284,32,0
A,1759,246,51,1
A,1760,244,53,0
A,1761,255,23,1
A,1762,270,56,0
A,1763,249,59,0
A,1764,275,29,0
A,1765,283,20,0
A,1766,206,35,0
A,1767,253,57,0
A,1768,235,38,0
A,1769,212,32,0
A,1770,272,50,0
A,1771,283,52,0
A,1772,265,43,0
A,1773,226,25,0
A,1774,256,53,0
A,1775,216,47,0
A,1776,247,40,0
A,1777,272,59,0
A,1778,236,31,0
A,1779,215,31,1
A,1780,288,19,0
A,1781,270,54,0
A,1782,291,22,0
A,1783,246,55,0
A,1784,220,58,1
A,1785,232,31,0
A,1786,268,56,0
A,1787,298,42,0
A,1788,237,37,0
A,1789,242,19,0
A,1790,298,56,0
A,1791,225,23,0
A,1792,279,34,0
A,1793,253,42,0
A,1794,298,45,1
A,1795,292,19,0
A,1796,241,52,0
A,1797,255,54,0
A,1798,288,22,0
A,1799,209,18,0
A,1800,242,57,0
A,1801,285,29,1
A,1802,211,53,0
A,1803,298,40,0
A,1804,298,48,1
A,1805,209,28,0
A,1806,206,27,0
A,1807,283,20,0
A,1808,218,31,0
A,1809,231,33,0
A,1810,213,27,0
A,1811,293,46,0
A,1812,217,27,0
A,1813,296,29,1
A,1814,224,47,0
A,1815,260,58,0
A,1816,246,18,0
A,1817,289,22,0
A,1818,233,37,0
A,1819,235,25,0
A,1820,250,29,0
A,1821,240,18,0
A,1822,220,37,0
A,1823,211,45,0
A,1824,289,54,0
A,1825,298,54,0
A,1826,274,29,0
A,1827,297,54,0
A,1828,203,45,0
A,1829,251,32,0
A,1830,293,23,0
A,1831,246,37,0
A,1832,201,31,0
A,1833,259,19,0
A,1834,270,26,0
A,1835,275,54,0
A,1836,213,37,1
A,1837,248,43,0
A,1838,300,46,0
A,1839,293,18,0
A,1840,235,52,0
A,1841,240,23,0
A,1842,261,54,0
A,1843,284,22,1
A,1844,217,50,0
A,1845,263,31,0
A,1846,271,29,0
A,1847,269,59,1
A,1848,231,37,0
A,1849,292,41,0
A,1850,243,51,1
A,1851,258,42,0
A,1852,275,46,0
A,1853,267,56,0
A,1854,213,48,0
A,1855,259,40,0
A,1856,256,55,0
A,1857,201,37,0
A,1858,296,40,0
A,1859,237,33,1
A,1860,219,59,0
A,1861,225,25,0
A,1862,251,38,0
A,1863,275,18,0
A,1864,275,25,0
A,1865,239,46,0
A,1866,273,49,1
A,1867,220,55,0
A,1868,268,22,0
A,1869,242,39,0
A,1870,287,51,0
A,1871,288,18,1
A,1872,215,43,0
A,1873,220,27,0
A,1874,293,47,0
A,1875,223,35,0
A,1876,230,34,0
A,1877,231,43,0
A,1878,207,25,0
A,1879,253,57,0
A,1880,200,29,0
A,1881,290,44,0
A,1882,265,25,0
A,1883,214,42,0
A,1884,223,21,0
A,1885,213,50,0
A,1886,292,18,0
A,1887,297,36,1
A,1888,229,48,0
A,1889,231,33,0
A,1890,256,31,0
A,1891,258,22,0
A,1892,244,58,0
A,1893,207,43,0
A,1894,284,45,0
A,1895,224,19,0
A,1896,282,23,0
A,1897,233,26,0
A,1898,295,50,1
A,1899,292,58,0
A,1900,246,42,0
A,1901,260,30,1
A,1902,236,26,0
A,1903,260,30,0
A,1904,257,48,0
A,1905,262,58,0
A,1906,271,28,0
A,1907,274,21,0
A,1908,292,51,0
A,1909,258,55,0
A,1910,234,21,0
A,1911,284,55,0
A,1912,226,36,0
A,1913,229,23,0
A,1914,252,51,0
A,1915,262,35,1
A,1916,270,30,0
A,1917,281,58,0
A,1918,245,40,0
A,1919,201,36,0
A,1920,269,28,0
A,1921,235,18,0
A,1922,233,41,0
A,1923,285,24,0
A,1924,281,42,0
A,1925,257,38,0
A,1926,206,32,0
A,1927,212,18,0
A,1928,220,29,0
A,1929,233,24,0
A,1930,298,32,0
A,1931,207,38,0
A,1932,259,36,0
A,1933,239,46,0
A,1934,212,42,1
A,1935,222,50,0
A,1936,231,49,0
A,1937,219,52,0
A,1938,245,55,0
A,1939,206,43,0
A,1940,269,28,0
A,1941,208,52,0
A,1942,211,25,1
A,1943,283,31,0
A,1944,239,27,0
A,1945,239,19,0
A,1946,299,26,1
A,1947,272,20,0
A,1948,203,38,0
A,1949,218,43,0
A,1950,290,25,0
A,1951,250,19,0
A,1952,252,23,0
A,1953,297,45,1
A,1954,213,46,0
A,1955,247,43,0
A,1956,295,42,0
A,1957,201,29,0
A,1958,286,22,0
A,1959,289,51,1
A,1960,204,54,0
A,1961,265,32,0
A,1962,229,53,0
A,1963,208,32,0
A,1964,276,40,0
A,1965,214,23,0
A,1966,254,38,1
A,1967,262,40,0
A,1968,235,33,1
A,1969,225,32,0
A,1970,243,42,0
A,1971,219,53,0
A,1972,277,28,0
A,1973,202,32,0
A,1974,257,21,0
A,1975,253,38,0
A,1976,276,30,0
A,1977,279,39,0
A,1978,266,36,0
A,1979,258,51,1
A,1980,200,31,0
A,1981,300,21,0
A,1982,204,44,0
A,1983,222,46,0
A,1984,239,45,0
A,1985,222,52,0
A,1986,210,25,0
A,1987,242,33,0
A,1988,236,59,0
A,1989,220,53,0
A,1990,205,47,0
A,1991,225,35,0
A,1992,235,19,0
A,1993,294,30,0
A,1994,298,21,0
A,1995,200,43,1
A,1996,238,42,0
A,1997,245,47,0
A,1998,229,28,0
A,1999,276,24,0
B,2000,214,48,0
B,2001,298,27,0
B,2002,217,56,0
B,2003,236,30,0
B,2004,287,48,0
B,2005,258,24,0
B,2006,280,59,0
B,2007,249,59,0
B,2008,272,53,0
B,2009,223,37,0
B,2010,225,21,0
B,2011,207,24,1
B,2012,230,18,0
B,2013,245,59,0
B,2014,232,30,0
B,2015,259,39,0
B,2016,272,38,0
B,2017,281,39,0
B,2018,211,45,0
B,2019,298,26,0
B,2020,288,43,0
B,2021,293,26,0
B,2022,257,32,0
B,2023,223,27,0
B,2024,209,41,0
B,2025,300,59,0
B,2026,276,25,0
B,2027,249,41,0
B,2028,235,33,0
B,2029,244,43,0
B,2030,233,44,1
B,2031,271,54,0
B,2032,282,21,0
B,2033,292,41,0
B,2034,288,36,0
B,2035,246,53,0
B,2036,270,56,0
B,2037,200,27,1
B,2038,293,42,0
B,2039,265,35,1
B,2040,259,36,0
B,2041,268,53,0
B,2042,221,27,0
B,2043,238,50,0
B,2044,288,22,0
B,2045,230,52,0
B,2046,220,51,1
B,2047,228,50,1
B,2048,216,38,0
B,2049,205,34,1
B,2050,208,39,1
B,2051,259,54,0
B,2052,266,32,0
B,2053,283,52,0
B,2054,259,45,0
B,2055,237,24,0
B,2056,290,49,0
B,2057,258,28,0
B,2058,270,27,0
B,2059,241,26,0
B,2060,216,31,1
B,2061,289,30,0
B,2062,299,42,0
B,2063,248,19,0
B,2064,270,52,0
B,2065,210,24,0
B,2066,226,38,0
B,2067,226,35,1
B,2068,257,20,0
B,2069,258,59,0
B,2070,236,56,0
B,2071,265,58,0
B,2072,261,28,0
B,2073,293,56,1
B,2074,278,41,0
B,2075,225,36,0
B,2076,220,21,0
B,2077,232,43,0
B,2078,236,55,0
B,2079,297,59,0
B,2080,258,49,0
B,2081,200,56,0
B,2082,244,53,0
B,2083,229,57,0
B,2084,255,54,1
B,2085,230,50,0
B,2086,231,53,0
B,2087,208,20,1
B,2088,246,26,0
B,2089,250,25,0
B,2090,262,50,0
B,2091,251,23,0
B,2092,300,58,0
B,2093,286,56,1
B,2094,254,21,0
B,2095,239,30,0
B,2096,273,19,0
B,2097,266,22,0
B,2098,246,44,0
B,2099,267,49,0
B,2100,218,38,0
B,2101,217,25,0
B,2102,298,55,0
B,2103,271,25,0
B,2104,241,20,0
B,2105,214,20,0
B,2106,291,39,0
B,2107,280,23,1
B,2108,220,19,0
B,2109,240,40,0
B,2110,265,19,0
B,2111,237,55,0
B,2112,209,34,0
B,2113,220,52,0
B,2114,234,51,0
B,2115,278,40,1
B,2116,230,47,0
B,2117,297,25,0
B,2118,296,39,0
B,2119,204,53,0
B,2120,292,22,0
B,2121,250,30,0
B,2122,219,46,0
B,2123,270,48,0
B,2124,269,33,0
B,2125,280,59,0
B,2126,231,47,0
B,2127,255,33,0
B,2128,232,29,1
B,2129,224,34,0
B,2130,270,33,0
B,2131,212,29,0
B,2132,264,25,0
B,2133,219,37,1
B,2134,218,20,0
B,2135,240,33,0
B,2136,278,47,0
B,2137,265,40,0
B,2138,271,45,1
B,2139,245,57,0
B,2140,201,22,0
B,2141,208,37,1
B,2142,274,57,0
B,2143,228,18,0
B,2144,237,47,0
B,2145,253,38,1
B,2146,244,37,0
B,2147,269,23,0
B,2148,203,39,0
B,2149,294,35,0
B,2150,253,25,0
B,2151,289,56,0
B,2152,296,49,0
B,2153,214,50,0
B,2154,281,33,0
B,2155,265,29,0
B,2156,207,55,0
B,2157,241,51,0
B,2158,249,31,0
B,2159,228,53,0
B,2160,211,50,1
B,2161,217,40,0
B,2162,274,19,0
B,2163,229,58,1
B,2164,292,38,0
B,2165,206,19,0
B,2166,216,44,0
B,2167,273,26,0
B,2168,273,18,0
B,2169,248,28,0
B,2170,220,20,0
B,2171,273,40,0
B,2172,299,43,0
B,2173,227,21,0
B,2174,288,35,1
B,2175,241,23,0
B,2176,286,52,0
B,2177,288,39,0
B,2178,279,32,0
B,2179,265,39,0
B,2180,201,54,0
B,2181,279,59,0
B,2182,210,29,0
B,2183,278,59,0
B,2184,292,55,0
B,2185,266,35,0
B,2186,249,52,1
B,2187,281,47,0
B,2188,236,41,0
B,2189,271,59,0
B,2190,232,47,0
B,2191,272,31,0
B,2192,295,23,0
B,2193,261,20,1
B,2194,271,33,0
B,2195,224,24,0
B,2196,217,31,0
B,2197,215,26,0
B,2198,217,32,0
B,2199,211,38,0
B,2200,270,52,0
B,2201,233,19,0
B,2202,297,44,1
B,2203,271,19,0
B,2204,242,52,1
B,2205,219,35,0
B,2206,300,31,1
B,2207,273,37,0
B,2208,283,35,0
B,2209,259,27,0
B,2210,286,42,0
B,2211,230,19,0
B,2212,242,42,0
B,2213,298,50,0
B,2214,220,53,0
B,2215,261,48,0
B,2216,219,31,0
B,2217,218,18,0
B,2218,233,33,0
B,2219,282,20,0
B,2220,223,52,0
B,2221,218,58,0
B,2222,211,23,0
B,2223,230,42,1
B,2224,236,30,0
B,2225,276,51,0
B,2226,270,25,0
B,2227,220,38,0
B,2228,283,51,0
B,2229,203,21,0
B,2230,219,42,0
B,2231,290,32,0
B,2232,263,21,0
B,2233,273,29,1
B,2234,255,49,0
B,2235,257,49,0
B,2236,257,45,0
B,2237,281,30,0
B,2238,237,48,0
B,2239,230,31,1
B,2240,231,37,0
B,2241,286,35,0
B,2242,222,46,0
B,2243,294,23,0
B,2244,300,49,0
B,2245,230,46,0
B,2246,243,19,0
B,2247,261,40,0
B,2248,265,36,0
B,2249,294,48,0
B,2250,218,22,0
B,2251,249,36,0
B,2252,234,51,1
B,2253,289,27,1
B,2254,282,42,1
B,2255,248,19,0
B,2256,255,28,0
B,2257,281,48,0
B,2258,247,32,0
B,2259,208,26,0
B,2260,220,40,0
B,2261,206,36,0
B,2262,293,26,0
B,2263,214,52,0
B,2264,200,38,1
B,2265,247,26,0
B,2266,238,45,0
B,2267,251,24,0
B,2268,212,33,0
B,2269,251,33,0
B,2270,272,50,0
B,2271,253,21,0
B,2272,222,21,0
B,2273,258,56,0
B,2274,264,57,0
B,2275,265,34,0
B,2276,290,54,0
B,2277,294,56,0
B,2278,249,46,1
B,2279,289,53,0
B,2280,269,55,0
B,2281,249,56,0
B,2282,241,54,0
B,2283,265,52,0
B,2284,293,24,0
B,2285,248,44,1
B,2286,224,45,0
B,2287,211,39,0
B,2288,283,31,0
B,2289,201,24,0
B,2290,271,54,0
B,2291,292,39,0
B,2292,257,22,0
B,2293,202,19,1
B,2294,282,44,0
B,2295,247,38,1
B,2296,251,55,0
B,2297,253,32,0
B,2298,206,38,0
B,2299,248,27,1
B,2300,286,40,0
B,2301,221,56,0
B,2302,276,22,1
B,2303,260,18,0
B,2304,225,30,0
B,2305,273,38,0
B,2306,244,43,0
B,2307,281,38,0
B,2308,217,35,0
B,2309,236,54,0
B,2310,207,49,0
B,2311,287,53,0
B,2312,236,34,0
B,2313,257,52,1
B,2314,297,28,0
B,2315,292,38,0
B,2316,207,43,0
B,2317,264,21,0
B,2318,260,51,0
B,2319,269,35,1
B,2320,276,57,0
B,2321,275,52,0
B,2322,275,58,0
B,2323,207,46,0
B,2324,290,46,0
B,2325,241,55,0
B,2326,287,59,0
B,2327,261,38,0
B,2328,268,59,0
B,2329,211,30,1
B,2330,207,58,1
B,2331,205,34,0
B,2332,292,26,0
B,2333,270,58,0
B,2334,260,18,0
B,2335,217,19,0
B,2336,244,46,0
B,2337,253,50,0
B,2338,223,27,0
B,2339,262,57,0
B,2340,237,38,0
B,2341,284,45,0
B,2342,244,28,0
B,2343,252,51,0
B,2344,219,25,0
B,2345,222,39,0
B,2346,208,25,0
B,2347,202,32,0
B,2348,226,34,0
B,2349,281,40,0
B,2350,267,41,0
B,2351,275,36,0
B,2352,253,22,0
B,2353,269,49,0
B,2354,217,18,0
B,2355,280,40,0
B,2356,275,54,1
B,2357,258,25,0
B,2358,258,30,0
B,2359,215,25,0
B,2360,263,40,1
B,2361,257,18,0
B,2362,289,41,0
B,2363,271,52,0
B,2364,285,41,0
B,2365,236,34,0
B,2366,297,22,0
B,2367,233,37,0
B,2368,244,38,0
B,2369,211,57,0
B,2370,222,48,0
B,2371,216,53,0
B,2372,272,28,0
B,2373,251,32,0
B,2374,286,36,0
B,2375,200,24,0
B,2376,267,45,0
B,2377,271,22,0
B,2378,279,22,1
B,2379,291,47,0
B,2380,205,49,0
B,2381,213,25,1
B,2382,207,27,0
B,2383,232,55,0
B,2384,232,49,0
B,2385,211,45,0
B,2386,292,34,0
B,2387,276,48,0
B,2388,204,25,0
B,2389,232,57,1
B,2390,254,42,0
B,2391,234,26,0
B,2392,284,19,0
B,2393,216,32,0
B,2394,270,20,0
B,2395,269,53,0
B,2396,289,21,0
B,2397,262,31,0
B,2398,295,58,0
B,2399,248,58,0
B,2400,251,42,0
B,2401,221,27,0
B,2402,256,38,0
B,2403,203,53,0
B,2404,230,29,0
B,2405,250,44,0
B,2406,286,57,0
B,2407,205,19,0
B,2408,228,30,0
B,2409,292,49,0
B,2410,234,48,0
B,2411,251,33,1
B,2412,277,49,0
B,2413,278,49,0
B,2414,293,51,0
B,2415,250,28,0
B,2416,276,27,0
B,2417,228,32,0
B,2418,238,34,0
B,2419,288,57,0
B,2420,248,35,0
B,2421,299,26,0
B,2422,298,42,0
B,2423,259,57,0
B,2424,222,31,0
B,2425,269,42,0
B,2426,286,39,0
B,2427,287,47,0
B,2428,245,37,1
B,2429,231,38,0
B,2430,273,49,1
B,2431,263,38,1
B,2432,287,52,0
B,2433,298,49,0
B,2434,280,47,0
B,2435,265,56,0
B,2436,240,29,0
B,2437,264,58,0
B,2438,264,35,0
B,2439,245,38,0
B,2440,289,30,0
B,2441,282,38,1
B,2442,228,25,0
B,2443,242,57,0
B,2444,217,24,1
B,2445,295,40,0
B,2446,279,49,0
B,2447,241,28,1
B,2448,250,39,0
B,2449,267,39,0
B,2450,243,42,0
B,2451,278,39,0
B,2452,203,45,0
B,2453,229,46,0
B,2454,264,30,0
B,2455,239,35,0
B,2456,229,19,0
B,2457,250,46,0
B,2458,300,38,0
B,2459,242,32,0
B,2460,268,44,0
B,2461,273,48,0
B,2462,211,32,0
B,2463,223,40,1
B,2464,270,41,1
B,2465,212,30,0
B,2466,233,39,0
B,2467,285,54,1
B,2468,265,50,1
B,2469,273,20,0
B,2470,215,36,0
B,2471,296,40,0
B,2472,246,46,1
B,2473,200,47,0
B,2474,245,56,1
B,2475,275,42,0
B,2476,241,54,0
B,2477,293,25,0
B,2478,232,59,0
B,2479,201,33,0
B,2480,285,25,0
B,2481,255,18,0
B,2482,215,22,0
B,2483,262,20,0
B,2484,229,18,1
B,2485,244,21,0
B,2486,257,57,0
B,2487,260,52,1
B,2488,252,49,0
B,2489,247,59,0
B,2490,241,51,0
B,2491,294,42,0
B,2492,274,27,0
B,2493,257,38,1
B,2494,271,56,0
B,2495,264,44,0
B,2496,222,44,0
B,2497,237,19,0
B,2498,214,58,0
B,2499,289,30,0
B,2500,248,26,0
B,2501,217,53,0
B,2502,297,39,0
B,2503,286,59,0
B,2504,238,43,0
B,2505,265,29,0
B,2506,278,34,1
B,2507,272,31,0
B,2508,273,31,0
B,2509,223,51,0
B,2510,284,37,0
B,2511,255,28,0
B,2512,217,33,0
B,2513,207,48,1
B,2514,264,23,0
B,2515,280,36,0
B,2516,289,54,0
B,2517,257,21,0
B,2518,243,21,0
B,2519,233,37,0
B,2520,211,27,0
B,2521,275,41,0
B,2522,206,52,0
B,2523,299,43,0
B,2524,272,54,0
B,2525,229,55,0
B,2526,254,38,0
B,2527,240,57,0
B,2528,205,56,0
B,2529,274,38,0
B,2530,262,27,0
B,2531,284,55,1
B,2532,257,21,0
B,2533,205,37,0
B,2534,214,34,0
B,2535,284,24,0
B,2536,237,21,0
B,2537,243,46,0
B,2538,250,31,0
B,2539,234,20,0
B,2540,285,41,0
B,2541,270,54,0
B,2542,246,33,0
B,2543,212,21,0
B,2544,290,41,0
B,2545,274,51,0
B,2546,238,47,1
B,2547,217,35,0
B,2548,266,36,0
B,2549,236,48,0
B,2550,252,36,0
B,2551,256,36,0
B,2552,228,39,0
B,2553,213,41,0
B,2554,202,29,0
B,2555,204,47,0
B,2556,275,55,0
B,2557,269,48,0
B,2558,252,53,0
B,2559,276,36,0
B,2560,278,53,0
B,2561,246,47,1
B,2562,252,50,0
B,2563,218,35,0
B,2564,220,45,0
B,2565,215,28,0
B,2566,280,50,1
B,2567,244,34,0
B,2568,264,23,0
B,2569,252,21,1
B,2570,226,37,0
B,2571,225,44,0
B,2572,206,32,0
B,2573,220,23,0
B,2574,285,31,0
B,2575,201,28,0
B,2576,230,56,0
B,2577,300,26,0
B,2578,282,43,0
B,2579,212,33,0
B,2580,274,22,0
B,2581,267,27,0
B,2582,258,20,0
B,2583,238,30,0
B,2584,291,47,0
B,2585,232,23,1
B,2586,204,34,0
B,2587,299,36,0
B,2588,273,59,0
B,2589,239,52,0
B,2590,209,43,0
B,2591,225,22,0
B,2592,290,46,0
B,2593,210,54,0
B,2594,272,37,0
B,2595,210,38,1
B,2596,246,27,0
B,2597,240,22,0
B,2598,210,53,0
B,2599,263,23,0
B,2600,266,43,0
B,2601,216,21,1
B,2602,253,56,0
B,2603,201,56,0
B,2604,298,52,0
B,2605,288,18,0
B,2606,256,41,0
B,2607,225,53,0
B,2608,296,23,0
B,2609,231,58,0
B,2610,205,48,0
B,2611,296,37,0
B,2612,243,41,0
B,2613,223,42,0
B,2614,254,53,0
B,2615,283,38,0
B,2616,219,47,0
B,2617,227,41,0
B,2618,267,59,0
B,2619,260,47,0
B,2620,276,39,0
B,2621,209,45,1
B,2622,208,24,1
B,2623,257,52,0
B,2624,250,45,0
B,2625,289,31,0
B,2626,254,27,0
B,2627,280,33,0
B,2628,284,33,0
B,2629,209,48,1
B,2630,254,59,0
B,2631,253,42,0
B,2632,241,30,0
B,2633,273,23,0
B,2634,259,26,0
B,2635,211,53,0
B,2636,223,37,0
B,2637,287,35,0
B,2638,287,38,0
B,2639,279,21,0
B,2640,234,50,0
B,2641,296,44,0
B,2642,210,24,0
B,2643,285,23,0
B,2644,292,32,0
B,2645,255,35,0
B,2646,288,49,0
B,2647,243,28,0
B,2648,218,37,0
B,2649,278,41,0
B,2650,290,32,0
B,2651,286,24,0
B,2652,279,38,0
B,2653,246,59,0
B,2654,220,43,0
B,2655,289,31,0
B,2656,272,54,0
B,2657,232,38,0
B,2658,223,35,0
B,2659,218,22,0
B,2660,202,20,0
B,2661,250,40,0
B,2662,297,43,1
B,2663,222,54,0
B,2664,236,41,0
B,2665,250,36,0
B,2666,211,42,1
B,2667,285,38,0
B,2668,296,29,0
B,2669,276,58,0
B,2670,216,50,0
B,2671,258,21,0
B,2672,213,59,0
B,2673,286,24,0
B,2674,225,39,0
B,2675,269,50,0
B,2676,206,34,0
B,2677,200,41,0
B,2678,227,51,0
B,2679,260,45,0
B,2680,210,58,0
B,2681,260,56,0
B,2682,257,39,1
B,2683,241,34,0
B,2684,210,51,0
B,2685,215,23,1
B,2686,221,23,0
B,2687,257,51,0
B,2688,278,18,0
B,2689,223,27,0
B,2690,243,38,0
B,2691,281,22,0
B,2692,249,19,0
B,2693,202,39,0
B,2694,230,19,0
B,2695,291,27,0
B,2696,215,51,0
B,2697,228,33,0
B,2698,253,56,1
B,2699,248,39,0
B,2700,254,29,0
B,2701,273,41,1
B,2702,219,57,0
B,2703,229,55,0
B,2704,274,27,0
B,2705,248,52,0
B,2706,231,49,0
B,2707,254,24,0
B,2708,298,38,0
B,2709,283,37,0
B,2710,248,43,0
B,2711,239,21,0
B,2712,232,39,0
B,2713,294,32,0
B,2714,260,57,0
B,2715,209,38,0
B,2716,213,32,0
B,2717,261,39,0
B,2718,291,45,0
B,2719,297,31,1
B,2720,293,44,0
B,2721,284,58,1
B,2722,286,57,1
B,2723,289,45,0
B,2724,270,43,0
B,2725,236,19,0
B,2726,283,42,0
B,2727,244,20,0
B,2728,241,25,0
B,2729,288,50,0
B,2730,284,59,0
B,2731,225,52,0
B,2732,235,23,0
B,2733,286,56,0
B,2734,224,40,0
B,2735,230,42,0
B,2736,290,36,0
B,2737,240,22,0
B,2738,267,28,0
B,2739,246,29,0
B,2740,297,27,0
B,2741,246,25,0
B,2742,250,41,0
B,2743,260,45,0
B,2744,223,58,0
B,2745,263,53,0
B,2746,209,54,0
B,2747,300,38,0
B,2748,254,25,0
B,2749,284,26,0
B,2750,210,32,0
B,2751,291,57,0
B,2752,200,35,0
B,2753,200,59,0
B,2754,204,37,0
B,2755,239,23,1
B,2756,203,29,0
B,2757,231,19,0
B,2758,233,24,0
B,2759,253,33,0
B,2760,270,20,0
B,2761,280,20,0
B,2762,279,44,0
B,2763,257,57,0
B,2764,249,55,0
B,2765,273,50,0
B,2766,228,45,0
B,2767,267,18,1
B,2768,260,25,0
B,2769,294,54,0
B,2770,267,49,0
B,2771,204,54,0
B,2772,293,21,0
B,2773,298,47,1
B,2774,220,23,1
B,2775,227,36,0
B,2776,293,49,0
B,2777,274,26,0
B,2778,264,29,0
B,2779,230,28,0
B,2780,277,33,0
B,2781,235,18,0
B,2782,248,38,0
B,2783,225,47,0
B,2784,203,30,0
B,2785,248,51,0
B,2786,213,21,0
B,2787,212,45,0
B,2788,213,55,0
B,2789,259,48,0
B,2790,234,44,0
B,2791,286,22,0
B,2792,222,42,0
B,2793,242,20,1
B,2794,296,50,0
B,2795,282,21,0
B,2796,209,42,0
B,2797,249,37,0
B,2798,252,51,0
B,2799,274,43,0
B,2800,243,22,0
B,2801,241,52,0
B,2802,225,45,0
B,2803,258,46,0
B,2804,264,26,0
B,2805,245,55,0
B,2806,251,23,0
B,2807,282,36,0
B,2808,300,28,0
B,2809,220,19,0
B,2810,285,26,0
B,2811,201,38,1
B,2812,240,41,0
B,2813,257,51,0
B,2814,263,39,0
B,2815,283,20,1
B,2816,238,29,0
B,2817,269,45,0
B,2818,224,47,1
B,2819,286,43,0
B,2820,276,38,1
B,2821,294,45,0
B,2822,299,43,0
B,2823,276,50,0
B,2824,294,38,1
B,2825,250,52,0
B,2826,294,51,0
B,2827,207,58,0
B,2828,255,35,1
B,2829,258,28,0
B,2830,294,40,0
B,2831,253,39,0
B,2832,224,34,0
B,2833,265,22,0
B,2834,237,28,0
B,2835,220,47,0
B,2836,214,32,0
B,2837,248,44,0
B,2838,239,52,0
B,2839,256,50,0
B,2840,218,37,0
B,2841,230,33,0
B,2842,264,51,0
B,2843,229,19,0
B,2844,227,52,0
B,2845,250,57,0
B,2846,260,45,0
B,2847,228,56,0
B,2848,295,23,0
B,2849,274,26,0
B,2850,211,37,0
B,2851,246,18,0
B,2852,220,25,0
B,2853,293,40,0
B,2854,275,20,1
B,2855,210,21,1
B,2856,240,42,0
B,2857,207,55,0
B,2858,297,32,0
B,2859,217,38,0
B,2860,208,52,0
B,2861,240,31,1
B,2862,260,53,0
B,2863,204,29,0
B,2864,221,34,0
B,2865,300,56,0
B,2866,224,26,0
B,2867,249,52,0
B,2868,273,30,0
B,2869,281,32,0
B,2870,214,35,0
B,2871,285,50,0
B,2872,272,23,0
B,2873,257,44,0
B,2874,289,40,0
B,2875,272,44,1
B,2876,285,51,0
B,2877,203,55,0
B,2878,245,31,0
B,2879,276,53,0
B,2880,280,25,0
B,2881,291,52,0
B,2882,271,36,1
B,2883,234,47,0
B,2884,262,31,0
B,2885,213,37,0
B,2886,277,42,0
B,2887,243,57,0
B,2888,236,41,0
B,2889,209,31,0
B,2890,262,43,0
B,2891,226,55,1
B,2892,295,40,0
B,2893,208,39,0
B,2894,298,36,0
B,2895,270,20,0
B,2896,296,59,0
B,2897,291,36,0
B,2898,264,26,1
B,2899,245,45,0
B,2900,200,37,0
B,2901,209,24,0
B,2902,281,31,1
B,2903,295,26,0
B,2904,244,36,0
B,2905,234,31,0
B,2906,277,55,0
B,2907,249,53,0
B,2908,295,57,0
B,2909,264,34,0
B,2910,262,47,0
B,2911,289,26,0
B,2912,274,50,0
B,2913,229,42,0
B,2914,231,31,0
B,2915,300,28,0
B,2916,220,52,0
B,2917,242,58,0
B,2918,231,31,0
B,2919,284,47,0
B,2920,242,58,0
B,2921,289,21,1
B,2922,279,21,0
B,2923,249,45,0
B,2924,285,25,0
B,2925,245,19,0
B,2926,214,58,1
B,2927,222,39,0
B,2928,276,58,0
B,2929,219,33,0
B,2930,262,46,0
B,2931,265,47,0
B,2932,236,29,0
B,2933,265,52,0
B,2934,207,28,0
B,2935,289,38,0
B,2936,287,38,0
B,2937,200,22,0
B,2938,258,37,0
B,2939,293,54,0
B,2940,228,20,0
B,2941,291,50,0
B,2942,234,26,1
B,2943,270,26,0
B,2944,270,21,0
B,2945,272,52,0
B,2946,276,34,0
B,2947,258,51,0
B,2948,293,41,0
B,2949,224,49,0
B,2950,215,18,0
B,2951,253,25,0
B,2952,223,40,0
B,2953,300,57,0
B,2954,241,29,0
B,2955,205,29,0
B,2956,269,32,0
B,2957,222,58,0
B,2958,292,36,0
B,2959,234,43,0
B,2960,272,46,0
B,2961,292,39,0
B,2962,233,57,0
B,2963,228,38,0
B,2964,207,55,0
B,2965,258,37,0
B,2966,214,46,0
B,2967,281,21,0
B,2968,289,24,0
B,2969,286,45,0
B,2970,203,45,1
B,2971,228,21,0
B,2972,238,39,0
B,2973,264,29,0
B,2974,225,20,0
B,2975,211,39,0
B,2976,237,19,0
B,2977,248,41,0
B,2978,268,51,0
B,2979,202,44,0
B,2980,248,58,0
B,2981,215,18,1
B,2982,200,25,0
B,2983,221,40,0
B,2984,248,55,0
B,2985,202,23,0
B,2986,300,39,1
B,2987,200,42,0
B,2988,227,35,0
B,2989,205,34,0
B,2990,222,29,0
B,2991,212,23,1
B,2992,290,43,0
B,2993,265,44,0
B,2994,207,25,0
B,2995,283,36,0
B,2996,206,59,0
B,2997,270,18,0
B,2998,298,46,0
B,2999,287,52,1
B,3000,266,57,0
B,3001,269,31,0
B,3002,239,52,0
B,3003,277,37,0
B,3004,235,30,0
B,3005,240,55,0
B,3006,201,25,0
B,3007,257,37,0
B,3008,271,50,0
B,3009,282,43,0
B,3010,261,56,0
B,3011,230,38,0
B,3012,287,59,0
B,3013,268,58,0
B,3014,285,26,0
B,3015,212,41,0
B,3016,222,54,1
B,3017,275,58,0
B,3018,241,34,0
B,3019,236,41,0
B,3020,289,38,0
B,3021,235,56,0
B,3022,224,58,1
B,3023,226,56,0
B,3024,208,30,0
B,3025,216,28,0
B,3026,218,36,0
B,3027,258,28,0
B,3028,201,30,0
B,3029,246,18,0
B,3030,292,57,0
B,3031,204,36,0
B,3032,273,29,0
B,3033,203,25,0
B,3034,234,25,0
B,3035,282,29,0
B,3036,286,50,0
B,3037,222,43,0
B,3038,256,56,0
B,3039,258,45,0
B,3040,217,22,0
B,3041,226,25,0
B,3042,244,42,0
B,3043,247,44,0
B,3044,285,40,0
B,3045,226,47,0
B,3046,275,40,1
B,3047,241,37,0
B,3048,219,35,0
B,3049,284,35,0
B,3050,299,19,0
B,3051,297,21,0
B,3052,205,47,0
B,3053,277,50,0
B,3054,222,53,0
B,3055,202,35,0
B,3056,222,54,0
B,3057,250,36,0
B,3058,288,45,0
B,3059,275,57,0
B,3060,224,37,0
B,3061,213,50,0
B,3062,267,29,0
B,3063,298,32,0
B,3064,241,58,0
B,3065,271,56,0
B,3066,229,19,0
B,3067,240,46,0
B,3068,250,58,1
B,3069,239,27,0
B,3070,238,19,0
B,3071,250,28,0
B,3072,244,30,0
B,3073,291,27,0
B,3074,260,31,1
B,3075,237,35,0
B,3076,267,26,0
B,3077,225,56,0
B,3078,242,45,1
B,3079,253,20,0
B,3080,277,37,1
B,3081,260,23,0
B,3082,223,44,0
B,3083,242,19,1
B,3084,211,46,0
B,3085,238,55,0
B,3086,259,20,0
B,3087,240,33,0
B,3088,247,47,0
B,3089,261,57,0
B,3090,274,19,0
B,3091,292,34,0
B,3092,220,58,0
B,3093,220,29,0
B,3094,217,52,0
B,3095,289,18,0
B,3096,207,32,0
B,3097,238,43,0
B,3098,216,54,0
B,3099,239,38,1
B,3100,230,48,0
B,3101,252,42,0
B,3102,266,40,0
B,3103,205,41,1
B,3104,235,55,0
B,3105,268,45,0
B,3106,233,38,0
B,3107,269,35,0
B,3108,265,53,0
B,3109,247,52,0
B,3110,267,26,0
B,3111,246,55,0
B,3112,222,47,0
B,3113,258,51,0
B,3114,232,49,0
B,3115,204,20,0
B,3116,295,20,0
B,3117,248,45,1
B,3118,235,32,0
B,3119,298,58,0
B,3120,216,40,1
B,3121,223,57,0
B,3122,279,28,0
B,3123,255,49,0
B,3124,300,53,0
B,3125,201,50,0
B,3126,254,41,0
B,3127,277,56,0
B,3128,255,51,0
B,3129,240,45,1
B,3130,250,54,0
B,3131,286,24,0
B,3132,229,21,0
B,3133,234,54,1
B,3134,280,18,0
B,3135,244,18,0
B,3136,295,37,0
B,3137,221,36,1
B,3138,294,46,0
B,3139,223,27,0
B,3140,238,35,0
B,3141,227,45,1
B,3142,248,52,0
B,3143,276,48,1
B,3144,258,44,1
B,3145,276,28,0
B,3146,211,55,1
B,3147,248,22,1
B,3148,281,25,0
B,3149,287,51,0
B,3150,204,29,0
B,3151,271,55,0
B,3152,268,18,0
B,3153,218,48,0
B,3154,297,21,0
B,3155,234,22,0
B,3156,244,47,0
B,3157,281,41,0
B,3158,266,20,0
B,3159,287,28,1
B,3160,209,21,0
B,3161,298,43,0
B,3162,252,44,0
B,3163,267,44,0
B,3164,230,59,0
B,3165,213,23,0
B,3166,203,32,0
B,3167,283,47,0
B,3168,245,59,0
B,3169,219,54,0
B,3170,294,54,1
B,3171,269,59,0
B,3172,217,54,0
B,3173,219,52,1
B,3174,275,40,0
B,3175,233,23,0
B,3176,234,21,0
B,3177,223,35,0
B,3178,236,26,0
B,3179,272,46,0
B,3180,300,30,0
B,3181,224,34,0
B,3182,223,49,0
B,3183,278,39,0
B,3184,209,21,0
B,3185,286,22,0
B,3186,262,54,1
B,3187,284,58,0
B,3188,290,30,0
B,3189,242,51,0
B,3190,216,39,0
B,3191,276,40,0
B,3192,220,20,0
B,3193,279,59,0
B,3194,233,51,1
B,3195,242,49,0
B,3196,241,38,1
B,3197,224,38,0
B,3198,272,28,0
B,3199,252,56,1
B,3200,230,21,1
B,3201,244,18,1
B,3202,251,45,0
B,3203,253,41,0
B,3204,237,52,0
B,3205,287,30,0
B,3206,207,51,0
B,3207,286,28,0
B,3208,223,53,1
B,3209,205,34,0
B,3210,230,52,0
B,3211,300,35,0
B,3212,206,57,0
B,3213,207,39,0
B,3214,210,41,0
B,3215,216,36,0
B,3216,214,54,0
B,3217,214,56,0
B,3218,272,38,0
B,3219,253,25,0
B,3220,207,45,0
B,3221,218,22,0
B,3222,238,34,0
B,3223,218,54,0
B,3224,220,53,0
B,3225,201,36,0
B,3226,281,44,0
B,3227,258,51,0
B,3228,284,28,1
B,3229,281,29,0
B,3230,291,38,0
B,3231,268,28,1
B,3232,295,56,0
B,3233,269,45,0
B,3234,236,22,0
B,3235,268,34,0
B,3236,282,37,0
B,3237,286,58,1
B,3238,278,29,0
B,3239,293,23,0
B,3240,207,34,0
B,3241,240,36,0
B,3242,290,43,1
B,3243,252,49,0
B,3244,254,23,1
B,3245,234,53,0
B,3246,262,55,1
B,3247,263,28,0
B,3248,211,50,0
B,3249,219,41,0
B,3250,280,40,0
B,3251,223,32,1
B,3252,255,44,0
B,3253,226,28,0
B,3254,296,34,0
B,3255,272,31,0
B,3256,284,44,0
B,3257,228,35,0
B,3258,271,45,0
B,3259,285,21,0
B,3260,208,24,0
B,3261,295,52,0
B,3262,232,26,0
B,3263,295,25,0
B,3264,234,34,1
B,3265,286,34,0
B,3266,219,50,0
B,3267,241,49,0
B,3268,222,25,1
B,3269,251,36,0
B,3270,258,55,0
B,3271,290,20,0
B,3272,265,22,0
B,3273,277,30,0
B,3274,264,48,0
B,3275,230,33,0
B,3276,251,49,0
B,3277,230,39,0
B,3278,221,46,0
B,3279,268,39,0
B,3280,216,20,0
B,3281,249,27,0
B,3282,201,59,0
B,3283,296,38,0
B,3284,219,33,0
B,3285,235,29,0
B,3286,254,19,1
B,3287,285,58,0
B,3288,270,41,0
B,3289,205,52,0
B,3290,298,47,0
B,3291,230,47,0
B,3292,253,52,0
B,3293,232,36,0
B,3294,247,25,0
B,3295,225,43,0
B,3296,243,57,0
B,3297,257,24,0
B,3298,210,47,1
B,3299,235,24,0
B,3300,250,20,0
B,3301,246,18,0
B,3302,281,53,0
B,3303,204,42,0
B,3304,253,54,0
B,3305,252,18,0
B,3306,204,32,0
B,3307,223,54,0
B,3308,283,30,0
B,3309,222,57,0
B,3310,217,25,0
B,3311,294,22,0
B,3312,227,26,0
B,3313,290,18,1
B,3314,286,53,0
B,3315,203,52,0
B,3316,251,19,0
B,3317,201,57,0
B,3318,207,40,0
B,3319,205,26,0
B,3320,208,51,0
B,3321,253,31,0
B,3322,241,21,1
B,3323,228,47,0
B,3324,255,48,0
B,3325,241,55,0
B,3326,274,28,0
B,3327,271,52,0
B,3328,246,25,0
B,3329,212,20,0
B,3330,263,31,0
B,3331,273,30,0
B,3332,282,49,0
B,3333,261,51,0
B,3334,262,36,0
B,3335,252,55,0
B,3336,251,33,0
B,3337,291,19,0
B,3338,280,57,0
B,3339,298,34,0
B,3340,279,51,0
B,3341,242,59,1
B,3342,284,33,0
B,3343,268,55,0
B,3344,226,19,0
B,3345,260,19,0
B,3346,264,43,0
B,3347,261,30,0
B,3348,245,48,0
B,3349,262,51,1
B,3350,258,56,0
B,3351,292,20,0
B,3352,201,25,0
B,3353,298,40,0
B,3354,274,31,1
B,3355,216,44,0
B,3356,213,46,0
B,3357,263,56,0
B,3358,289,56,0
B,3359,258,18,1
B,3360,274,34,1
B,3361,220,58,0
B,3362,261,47,0
B,3363,201,30,0
B,3364,272,38,0
B,3365,240,36,0
B,3366,209,36,0
B,3367,239,42,0
B,3368,235,39,0
B,3369,259,48,0
B,3370,236,34,0
B,3371,207,40,0
B,3372,262,49,0
B,3373,261,27,0
B,3374,276,27,0
B,3375,231,53,0
B,3376,285,25,1
B,3377,245,37,0
B,3378,200,49,0
B,3379,221,31,0
B,3380,226,45,0
B,3381,208,41,0
B,3382,269,32,0
B,3383,298,39,0
B,3384,225,47,0
B,3385,293,21,0
B,3386,253,30,0
B,3387,267,40,0
B,3388,283,25,0
B,3389,259,35,0
B,3390,232,29,0
B,3391,254,48,0
B,3392,254,31,0
B,3393,215,51,0
B,3394,237,35,0
B,3395,227,51,0
B,3396,210,28,0
B,3397,215,58,0
B,3398,243,29,0
B,3399,241,32,0
B,3400,234,48,0
B,3401,210,46,0
B,3402,225,43,0
B,3403,273,35,0
B,3404,285,49,0
B,3405,208,39,0
B,3406,269,55,0
B,3407,211,34,0
B,3408,219,40,1
B,3409,273,41,0
B,3410,298,25,0
B,3411,287,58,0
B,3412,221,23,0
B,3413,277,22,0
B,3414,290,46,0
B,3415,249,45,0
B,3416,280,28,1
B,3417,292,18,0
B,3418,233,36,0
B,3419,242,26,1
B,3420,245,44,0
B,3421,252,51,1
B,3422,251,21,0
B,3423,221,53,0
B,3424,205,35,0
B,3425,238,32,0
B,3426,255,30,0
B,3427,201,36,0
B,3428,266,23,0
B,3429,242,29,0
B,3430,211,54,0
B,3431,269,34,0
B,3432,289,40,0
B,3433,218,43,0
B,3434,232,46,0
B,3435,290,50,0
B,3436,249,44,0
B,3437,224,42,1
B,3438,256,27,0
B,3439,278,40,0
B,3440,284,38,0
B,3441,296,38,1
B,3442,242,30,0
B,3443,281,54,0
B,3444,234,50,1
B,3445,224,41,0
B,3446,234,28,0
B,3447,293,34,0
B,3448,209,21,0
B,3449,290,42,0
B,3450,250,47,0
B,3451,273,26,1
B,3452,245,38,0
B,3453,242,37,1
B,3454,226,36,0
B,3455,261,36,0
B,3456,219,29,0
B,3457,236,54,0
B,3458,266,59,0
B,3459,266,34,0
B,3460,212,54,0
B,3461,234,56,0
B,3462,208,45,0
B,3463,276,58,0
B,3464,247,52,0
B,3465,256,35,1
B,3466,228,31,0
B,3467,208,52,0
B,3468,255,58,0
B,3469,283,24,0
B,3470,266,58,0
B,3471,224,30,0
B,3472,274,35,0
B,3473,217,54,0
B,3474,281,30,0
B,3475,245,53,1
B,3476,291,48,0
B,3477,277,19,0
B,3478,248,33,0
B,3479,287,26,0
B,3480,254,26,0
B,3481,232,55,0
B,3482,213,28,0
B,3483,210,39,0
B,3484,233,50,0
B,3485,271,53,0
B,3486,269,40,1
B,3487,255,51,0
B,3488,222,26,0
B,3489,253,41,0
B,3490,285,25,0
B,3491,251,24,0
B,3492,214,53,0
B,3493,257,35,0
B,3494,228,20,0
B,3495,278,45,0
B,3496,210,23,0
B,3497,236,38,0
B,3498,200,45,0
B,3499,207,57,0
B,3500,254,18,0
B,3501,218,53,0
B,3502,267,38,0
B,3503,204,52,0
B,3504,262,30,0
B,3505,234,27,0
B,3506,284,27,0
B,3507,255,30,0
B,3508,283,54,0
B,3509,300,55,0
B,3510,226,41,0
B,3511,299,19,1
B,3512,203,39,0
B,3513,204,34,0
B,3514,219,53,0
B,3515,295,31,0
B,3516,216,27,0
B,3517,207,52,0
B,3518,228,42,1
B,3519,222,20,0
B,3520,218,55,1
B,3521,204,34,1
B,3522,280,29,0
B,3523,285,41,1
B,3524,262,46,0
B,3525,210,42,0
B,3526,284,53,0
B,3527,232,43,0
B,3528,251,55,0
B,3529,228,18,0
B,3530,299,37,0
B,3531,276,45,0
B,3532,239,33,0
B,3533,215,34,0
B,3534,222,57,1
B,3535,300,45,0
B,3536,214,29,0
B,3537,201,44,0
B,3538,299,59,0
B,3539,229,47,0
B,3540,247,58,0
B,3541,215,51,0
B,3542,287,54,0
B,3543,240,23,0
B,3544,221,24,0
B,3545,247,49,0
B,3546,231,49,1
B,3547,201,42,0
B,3548,231,50,0
B,3549,210,24,1
B,3550,259,29,0
B,3551,261,33,0
B,3552,229,33,0
B,3553,250,53,0
B,3554,223,30,0
B,3555,297,24,0
B,3556,246,53,0
B,3557,282,26,0
B,3558,274,49,0
B,3559,276,28,0
B,3560,222,25,0
B,3561,278,50,0
B,3562,271,40,0
B,3563,269,42,0
B,3564,253,25,0
B,3565,207,39,0
B,3566,262,21,0
B,3567,253,57,0
B,3568,242,20,0
B,3569,285,46,0
B,3570,249,58,0
B,3571,214,46,0
B,3572,245,51,0
B,3573,257,51,0
B,3574,225,45,0
B,3575,259,30,0
B,3576,230,32,0
B,3577,282,40,0
B,3578,267,43,0
B,3579,292,21,0
B,3580,218,43,0
B,3581,250,57,0
B,3582,209,26,0
B,3583,217,22,0
B,3584,260,49,0
B,3585,298,37,0
B,3586,298,28,0
B,3587,241,32,0
B,3588,280,49,1
B,3589,211,45,0
B,3590,250,39,0
B,3591,275,58,0
B,3592,284,34,0
B,3593,210,43,0
B,3594,286,24,1
B,3595,300,59,0
B,3596,253,43,0
B,3597,228,42,0
B,3598,298,27,0
B,3599,280,36,1
B,3600,248,28,0
B,3601,223,30,0
B,3602,292,25,0
B,3603,258,57,0
B,3604,279,21,0
B,3605,212,48,0
B,3606,225,45,0
B,3607,250,28,1
B,3608,258,18,0
B,3609,201,55,0
B,3610,277,41,0
B,3611,247,48,0
B,3612,203,58,0
B,3613,237,43,0
B,3614,247,22,1
B,3615,286,37,0
B,3616,221,58,1
B,3617,247,28,0
B,3618,208,50,0
B,3619,204,55,0
B,3620,277,44,0
B,3621,211,51,0
B,3622,235,32,0
B,3623,292,49,0
B,3624,295,38,0
B,3625,232,22,0
B,3626,277,23,0
B,3627,251,55,0
B,3628,254,39,1
B,3629,300,35,0
B,3630,229,31,0
B,3631,290,27,0
B,3632,261,30,0
B,3633,261,48,0
B,3634,297,47,0
B,3635,289,20,0
B,3636,300,47,0
B,3637,239,23,0
B,3638,214,46,0
B,3639,211,25,0
B,3640,269,50,0
B,3641,239,34,0
B,3642,254,28,1
B,3643,201,30,1
B,3644,283,28,0
B,3645,297,48,0
B,3646,254,45,0
B,3647,224,23,0
B,3648,271,58,0
B,3649,220,33,0
B,3650,231,21,0
B,3651,248,52,0
B,3652,258,43,0
B,3653,237,29,0
B,3654,252,28,0
B,3655,256,54,0
B,3656,266,42,0
B,3657,209,35,0
B,3658,285,36,0
B,3659,258,40,0
B,3660,289,55,0
B,3661,277,35,0
B,3662,263,43,0
B,3663,203,23,0
B,3664,292,21,0
B,3665,202,46,0
B,3666,300,51,0
B,3667,285,34,0
B,3668,236,33,0
B,3669,228,19,0
B,3670,274,51,0
B,3671,284,25,0
B,3672,284,30,0
B,3673,231,59,0
B,3674,300,25,0
B,3675,274,47,1
B,3676,263,49,0
B,3677,222,53,0
B,3678,224,47,0
B,3679,216,18,0
B,3680,287,56,0
B,3681,241,34,0
B,3682,251,37,0
B,3683,265,41,0
B,3684,273,39,0
B,3685,296,46,0
B,3686,235,39,0
B,3687,295,26,0
B,3688,243,54,0
B,3689,238,27,0
B,3690,289,53,0
B,3691,292,54,0
B,3692,208,45,0
B,3693,241,45,1
B,3694,246,59,0
B,3695,224,38,0
B,3696,231,41,1
B,3697,231,59,0
B,3698,210,57,1
B,3699,251,19,1
B,3700,221,25,1
B,3701,254,44,0
B,3702,248,39,0
B,3703,262,54,0
B,3704,241,44,0
B,3705,205,46,1
B,3706,209,20,0
B,3707,222,30,0
B,3708,296,27,0
B,3709,287,53,0
B,3710,273,26,0
B,3711,282,44,0
B,3712,262,51,0
B,3713,250,18,1
B,3714,240,49,0
B,3715,205,42,0
B,3716,287,46,0
B,3717,268,24,0
B,3718,260,20,0
B,3719,292,37,0
B,3720,278,37,0
B,3721,239,47,0
B,3722,250,52,0
B,3723,263,52,0
B,3724,201,56,0
B,3725,293,44,0
B,3726,208,43,0
B,3727,233,31,0
B,3728,240,34,1
B,3729,246,35,0
B,3730,262,46,0
B,3731,216,37,0
B,3732,248,44,0
B,3733,212,35,0
B,3734,256,21,0
B,3735,271,18,1
B,3736,296,18,0
B,3737,226,43,0
B,3738,241,37,0
B,3739,217,40,0
B,3740,285,27,0
B,3741,272,28,0
B,3742,244,58,0
B,3743,278,58,0
B,3744,271,22,0
B,3745,278,18,0
B,3746,275,34,1
B,3747,264,39,1
B,3748,298,51,0
B,3749,227,58,0
B,3750,215,46,0
B,3751,259,21,0
B,3752,210,22,0
B,3753,227,28,0
B,3754,261,38,0
B,3755,242,52,0
B,3756,201,29,0
B,3757,282,43,0
B,3758,204,36,0
B,3759,220,24,0
B,3760,206,24,1
B,3761,228,43,1
B,3762,278,57,0
B,3763,267,22,0
B,3764,277,38,0
B,3765,241,31,0
B,3766,288,21,0
B,3767,299,40,0
B,3768,238,59,0
B,3769,235,37,0
B,3770,245,32,0
B,3771,289,46,0
B,3772,239,25,0
B,3773,251,58,0
B,3774,279,36,0
B,3775,273,56,0
B,3776,201,45,0
B,3777,270,44,0
B,3778,266,21,0
B,3779,260,32,0
B,3780,246,52,0
B,3781,238,54,0
B,3782,251,18,0
B,3783,256,20,0
B,3784,246,41,0
B,3785,250,44,0
B,3786,224,57,0
B,3787,214,53,0
B,3788,293,51,0
B,3789,202,46,0
B,3790,215,41,0
B,3791,222,41,0
B,3792,218,59,0
B,3793,262,21,0
B,3794,255,20,0
B,3795,266,51,0
B,3796,298,40,0
B,3797,248,40,1
B,3798,228,22,0
B,3799,227,48,0
B,3800,293,58,0
B,3801,227,23,0
B,3802,219,54,1
B,3803,278,27,0
B,3804,230,57,0
B,3805,297,24,0
B,3806,284,56,0
B,3807,211,55,0
B,3808,248,38,0
B,3809,241,37,0
B,3810,237,20,0
B,3811,217,39,0
B,3812,224,21,0
B,3813,268,45,0
B,3814,219,29,1
B,3815,231,55,0
B,3816,298,53,0
B,3817,222,58,0
B,3818,263,22,0
B,3819,259,30,0
B,3820,217,40,0
B,3821,272,47,0
B,3822,207,54,0
B,3823,216,42,0
B,3824,271,44,0
B,3825,293,31,0
B,3826,266,53,1
B,3827,296,56,0
B,3828,257,33,0
B,3829,266,39,0
B,3830,227,38,0
B,3831,257,38,0
B,3832,260,25,1
B,3833,279,33,0
B,3834,272,48,0
B,3835,287,59,0
B,3836,204,27,0
B,3837,228,49,1
B,3838,263,51,0
B,3839,292,26,0
B,3840,256,34,0
B,3841,300,28,0
B,3842,271,49,0
B,3843,279,27,0
B,3844,265,39,0
B,3845,232,34,0
B,3846,205,21,1
B,3847,297,42,1
B,3848,205,38,0
B,3849,224,54,0
B,3850,221,55,0
B,3851,267,18,0
B,3852,264,42,0
B,3853,202,53,0
B,3854,228,34,0
B,3855,286,58,0
B,3856,226,41,0
B,3857,251,19,0
B,3858,238,57,1
B,3859,249,32,0
B,3860,232,49,0
B,3861,287,56,0
B,3862,297,23,0
B,3863,249,18,0
B,3864,294,40,0
B,3865,251,56,0
B,3866,204,34,0
B,3867,279,51,0
B,3868,223,58,0
B,3869,290,46,0
B,3870,258,26,0
B,3871,289,30,0
B,3872,231,23,0
B,3873,239,23,1
B,3874,245,37,0
B,3875,291,20,0
B,3876,219,34,1
B,3877,254,29,0
B,3878,299,18,0
B,3879,249,34,0
B,3880,212,20,0
B,3881,203,43,0
B,3882,233,32,0
B,3883,218,53,0
B,3884,221,49,0
B,3885,266,49,0
B,3886,252,21,0
B,3887,255,35,0
B,3888,254,36,0
B,3889,285,52,0
B,3890,268,57,0
B,3891,208,31,0
B,3892,262,50,0
B,3893,279,31,0
B,3894,266,51,0
B,3895,274,21,0
B,3896,202,41,0
B,3897,217,46,0
B,3898,226,36,0
B,3899,297,23,0
B,3900,269,50,0
B,3901,219,57,0
B,3902,210,36,0
B,3903,242,18,0
B,3904,270,22,0
B,3905,239,44,1
B,3906,250,33,0
B,3907,293,23,0
B,3908,225,57,0
B,3909,282,30,0
B,3910,297,52,0
B,3911,250,36,0
B,3912,247,29,0
B,3913,259,33,0
B,3914,217,27,0
B,3915,274,42,1
B,3916,275,37,1
B,3917,234,48,0
B,3918,200,21,0
B,3919,251,40,0
B,3920,214,19,1
B,3921,236,39,0
B,3922,242,54,0
B,3923,250,25,0
B,3924,248,24,0
B,3925,273,31,0
B,3926,214,20,0
B,3927,283,33,1
B,3928,267,36,0
B,3929,284,35,0
B,3930,295,33,1
B,3931,298,25,0
B,3932,244,50,1
B,3933,256,29,0
B,3934,200,28,1
B,3935,284,22,0
B,3936,247,44,0
B,3937,258,29,0
B,3938,249,34,0
B,3939,273,23,0
B,3940,237,50,1
B,3941,297,22,0
B,3942,225,45,1
B,3943,203,31,0
B,3944,231,22,0
B,3945,284,50,0
B,3946,211,58,0
B,3947,277,36,0
B,3948,297,39,1
B,3949,240,22,0
B,3950,288,19,0
B,3951,296,47,0
B,3952,268,56,0
B,3953,278,21,0
B,3954,214,50,0
B,3955,261,30,0
B,3956,218,37,0
B,3957,204,24,0
B,3958,286,32,0
B,3959,225,40,0
B,3960,250,31,0
B,3961,246,40,1
B,3962,203,36,0
B,3963,270,46,0
B,3964,298,37,0
B,3965,218,46,0
B,3966,241,41,0
B,3967,241,35,0
B,3968,256,27,0
B,3969,297,58,0
B,3970,259,25,0
B,3971,220,43,0
B,3972,254,46,0
B,3973,200,27,0
B,3974,248,34,0
B,3975,263,19,0
B,3976,254,23,0
B,3977,253,22,0
B,3978,288,45,0
B,3979,204,58,0
B,3980,268,22,0
B,3981,209,35,0
B,3982,247,43,0
B,3983,206,37,0
B,3984,236,58,0
B,3985,287,44,0
B,3986,249,29,0
B,3987,232,24,0
B,3988,248,20,0
B,3989,201,27,0
B,3990,255,51,0
B,3991,200,42,1
B,3992,204,52,0
B,3993,247,33,0
B,3994,216,19,0
B,3995,299,41,0
B,3996,293,27,0
B,3997,242,55,0
B,3998,257,39,0
B,3999,218,43,0
