country,year,GDP
Country_X,1980,979.4226800057883
Country_X,1981,985.9887809607822
Country_X,1982,1027.681140922249
Country_X,1983,1074.4716446493308
Country_X,1984,1082.7724170207225
Country_X,1985,1075.1455774066412
Country_X,1986,1125.5251785575222
Country_X,1987,1152.2091388358851
Country_X,1988,1149.715698342112
Country_X,1989,1193.815206126368
Country_X,1990,1215.7196924565264
Country_X,1991,1215.9872224927465
Country_X,1992,1270.7793082253118
Country_X,1993,1300.1117227660775
Country_X,1994,1336.3349777469928
Country_X,1995,1402.2724959400898
Country_X,1996,1423.531608158159
Country_X,1997,1505.7533954921737
Country_X,1998,1611.9508023869478
Country_X,1999,1692.969310971383
Country_X,2000,1778.1388414320888
Country_X,2001,1934.3451146369844
Country_X,2002,1962.6871935698423
Country_X,2003,2072.714926957404
Country_X,2004,2172.8138322998375
Country_X,2005,2275.7405521858063
Country_X,2006,2370.9006062611634
Country_X,2007,2512.6719987162273
Country_X,2008,2608.409236299513
Country_X,2009,2751.896974929331
Country_1,1980,977.3693053962712
Country_1,1981,1041.539630394186
Country_1,1982,977.8060843900951
Country_1,1983,1049.179619814259
Country_1,1984,1023.9091869031108
Country_1,1985,1067.8481370976535
Country_1,1986,1120.6115218410582
Country_1,1987,1122.0947604816545
Country_1,1988,1121.670447743154
Country_1,1989,1151.7837759825757
Country_1,1990,1203.003602149824
Country_1,1991,1198.5925474802102
Country_1,1992,1241.7930495084836
Country_1,1993,1263.1245920692575
Country_1,1994,1274.4254114244884
Country_1,1995,1356.0854485306434
Country_1,1996,1352.14907852538
Country_1,1997,1325.757260307448
Country_1,1998,1397.3144005768006
Country_1,1999,1408.2212912716725
Country_1,2000,1466.9348276743058
Country_1,2001,1463.0334694292949
Country_1,2002,1506.1668330525697
Country_1,2003,1548.7305386991552
Country_1,2004,1586.7185128653393
Country_1,2005,1576.7855490204604
Country_1,2006,1626.1172819879882
Country_1,2007,1655.9645466156844
Country_1,2008,1685.7061372442076
Country_1,2009,1768.0572611392172
Country_2,1980,995.0314064613469
Country_2,1981,1059.0113062001044
Country_2,1982,1103.9102725444416
Country_2,1983,1103.3457967872957
Country_2,1984,1073.963022088718
Country_2,1985,1116.7527483786291
Country_2,1986,1174.3044014164059
Country_2,1987,1157.7921126889512
Country_2,1988,1204.2608006042778
Country_2,1989,1234.7847813507672
Country_2,1990,1225.1393328562624
Country_2,1991,1267.3609940123447
Country_2,1992,1229.0971843548705
Country_2,1993,1299.3132289526914
Country_2,1994,1341.1456383871014
Country_2,1995,1348.1652778039672
Country_2,1996,1433.231586350762
Country_2,1997,1399.9921999183593
Country_2,1998,1448.366038293184
Country_2,1999,1488.9250781333878
Country_2,2000,1544.8619377007417
Country_2,2001,1517.639958334219
Country_2,2002,1600.547620428063
Country_2,2003,1609.0346935130551
Country_2,2004,1621.3764599175577
Country_2,2005,1683.0688350825524
Country_2,2006,1711.2844948207019
Country_2,2007,1729.4450293842415
Country_2,2008,1777.6743959657663
Country_2,2009,1804.09764941405
Country_3,1980,1018.9184807529833
Country_3,1981,1057.5097209307207
Country_3,1982,1021.5488623234329
Country_3,1983,1109.8919432390949
Country_3,1984,1049.5341452704388
Country_3,1985,1107.3117173853948
Country_3,1986,1144.3207118015202
Country_3,1987,1160.825292379966
Country_3,1988,1165.8555737293589
Country_3,1989,1197.7133104011405
Country_3,1990,1216.053251823275
Country_3,1991,1238.6442407878967
Country_3,1992,1292.4322085857368
Country_3,1993,1308.089279697524
Country_3,1994,1313.1097574725743
Country_3,1995,1371.499305874008
Country_3,1996,1386.723444950182
Country_3,1997,1424.4462460000823
Country_3,1998,1448.9453605342414
Country_3,1999,1448.499939151243
Country_3,2000,1483.1778153531388
Country_3,2001,1539.214936982685
Country_3,2002,1566.9618514864935
Country_3,2003,1585.4315032220977
Country_3,2004,1619.913073469584
Country_3,2005,1675.4711542352452
Country_3,2006,1671.0847856691496
Country_3,2007,1727.5164853381843
Country_3,2008,1746.8621754204014
Country_3,2009,1781.5705249739165
Country_4,1980,1071.44716957912
Country_4,1981,1092.3078121713595
Country_4,1982,1123.6679479834602
Country_4,1983,1119.9296161098366
Country_4,1984,1155.538789488624
Country_4,1985,1158.53238953211
Country_4,1986,1194.5158062070277
Country_4,1987,1209.1902676530503
Country_4,1988,1237.9689106150668
Country_4,1989,1272.6527116502548
Country_4,1990,1269.6001488996774
Country_4,1991,1353.531599329343
Country_4,1992,1317.7971832619523
Country_4,1993,1340.3921092540309
Country_4,1994,1415.1316166099825
Country_4,1995,1435.6420410020396
Country_4,1996,1460.6873592062796
Country_4,1997,1489.735972307827
Country_4,1998,1506.467507908054
Country_4,1999,1518.9016048025753
Country_4,2000,1569.0997172408124
Country_4,2001,1585.3920643682343
Country_4,2002,1650.4163992388012
Country_4,2003,1660.5911370318127
Country_4,2004,1680.2929864192422
Country_4,2005,1724.3112721291345
Country_4,2006,1773.6123978269504
Country_4,2007,1789.3863530601873
Country_4,2008,1820.2296530872636
Country_4,2009,1878.2812864484024
Country_5,1980,1002.1094650480136
Country_5,1981,1023.0725290141784
Country_5,1982,1057.7841597762285
Country_5,1983,1045.244337419711
Country_5,1984,1067.5408692471192
Country_5,1985,1103.2350632042949
Country_5,1986,1135.6870835476934
Country_5,1987,1168.973298425529
Country_5,1988,1215.5173743948314
Country_5,1989,1226.8836475209976
Country_5,1990,1230.7262935588278
Country_5,1991,1258.2232412832045
Country_5,1992,1263.7250494573273
Country_5,1993,1309.0808867652377
Country_5,1994,1329.866999696384
Country_5,1995,1368.8073471310445
Country_5,1996,1373.055416571722
Country_5,1997,1427.7789664364473
Country_5,1998,1476.3946551347078
Country_5,1999,1472.4794714430122
Country_5,2000,1512.1820023423716
Country_5,2001,1548.0336030926226
Country_5,2002,1556.8909282858517
Country_5,2003,1600.6954941142483
Country_5,2004,1628.3897653832366
Country_5,2005,1662.6541976859294
Country_5,2006,1678.4544935521424
Country_5,2007,1728.2831864990158
Country_5,2008,1772.3088084990227
Country_5,2009,1826.6186916834968
Country_6,1980,1091.0271904544916
Country_6,1981,1053.5758608725846
Country_6,1982,1107.7476811073661
Country_6,1983,1115.7741338551787
Country_6,1984,1178.1454982795733
Country_6,1985,1140.8704627004213
Country_6,1986,1163.3827201320591
Country_6,1987,1191.7928472063077
Country_6,1988,1185.378399631296
Country_6,1989,1241.8983399662266
Country_6,1990,1262.2790559767648
Country_6,1991,1306.0188191215198
Country_6,1992,1335.9062817753788
Country_6,1993,1393.17600228935
Country_6,1994,1401.7741139788538
Country_6,1995,1398.8828768461874
Country_6,1996,1420.6610755316572
Country_6,1997,1477.240339767927
Country_6,1998,1470.34533132414
Country_6,1999,1563.314170690931
Country_6,2000,1580.8074976957466
Country_6,2001,1578.979556144853
Country_6,2002,1585.8676399888686
Country_6,2003,1679.6103846654084
Country_6,2004,1683.29279902069
Country_6,2005,1744.051594083726
Country_6,2006,1721.7926200252546
Country_6,2007,1776.7672962060897
Country_6,2008,1824.6347665928322
Country_6,2009,1861.9601023257324
Country_7,1980,989.9537250729878
Country_7,1981,975.6942523669068
Country_7,1982,1014.1400044732239
Country_7,1983,1039.7332586913608
Country_7,1984,1068.3626696594401
Country_7,1985,1093.4676683996083
Country_7,1986,1078.32723641783
Country_7,1987,1092.1541964049666
Country_7,1988,1170.8467458540429
Country_7,1989,1174.8453538439858
Country_7,1990,1176.593324345351
Country_7,1991,1246.417355688462
Country_7,1992,1242.0156951874292
Country_7,1993,1288.08219023288
Country_7,1994,1291.1365411108375
Country_7,1995,1356.796853409928
Country_7,1996,1377.0003496593981
Country_7,1997,1363.7521204971633
Country_7,1998,1415.5374505551667
Country_7,1999,1436.9356711585042
Country_7,2000,1479.8813463607844
Country_7,2001,1462.2604203027379
Country_7,2002,1524.9110965045957
Country_7,2003,1562.582358387711
Country_7,2004,1537.0673562952718
Country_7,2005,1580.0218186908933
Country_7,2006,1594.976085167891
Country_7,2007,1663.0878066086636
Country_7,2008,1716.1963072794254
Country_7,2009,1765.9295124486966
Country_8,1980,1036.2770499324147
Country_8,1981,996.1768046371108
Country_8,1982,1010.1867616903337
Country_8,1983,1064.0285447090532
Country_8,1984,1094.1235976395112
Country_8,1985,1107.5172394720578
Country_8,1986,1088.985715121821
Country_8,1987,1151.1588474748153
Country_8,1988,1149.9106832202754
Country_8,1989,1212.9135256715806
Country_8,1990,1230.8424411108165
Country_8,1991,1229.18308998611
Country_8,1992,1262.6629610801763
Country_8,1993,1277.2148349776694
Country_8,1994,1323.113505578294
Country_8,1995,1369.9572756842574
Country_8,1996,1358.1569969330062
Country_8,1997,1415.5098785272687
Country_8,1998,1422.932374813801
Country_8,1999,1446.350821079628
Country_8,2000,1489.3118360802814
Country_8,2001,1500.5766456965723
Country_8,2002,1540.6341358809154
Country_8,2003,1558.7837065758395
Country_8,2004,1653.6905923744966
Country_8,2005,1647.3892825499267
Country_8,2006,1665.6231815808503
Country_8,2007,1717.4896437902007
Country_8,2008,1745.2276854932102
Country_8,2009,1778.0043394261027
Country_9,1980,1045.8584892031174
Country_9,1981,1040.712478750004
Country_9,1982,1060.8325869233652
Country_9,1983,1088.2948968279516
Country_9,1984,1069.6334260916922
Country_9,1985,1107.6814651301609
Country_9,1986,1188.0824774505052
Country_9,1987,1216.8592462136726
Country_9,1988,1202.6583689913923
Country_9,1989,1243.3230108392856
Country_9,1990,1262.6527121006045
Country_9,1991,1343.133879359033
Country_9,1992,1329.5788866824184
Country_9,1993,1330.7727843931864
Country_9,1994,1340.886950135249
Country_9,1995,1355.0687877210512
Country_9,1996,1419.0109411260714
Country_9,1997,1428.1134868712154
Country_9,1998,1443.6602376204862
Country_9,1999,1488.6159603638378
Country_9,2000,1509.9474063373743
Country_9,2001,1595.9527664393067
Country_9,2002,1611.0869275516015
Country_9,2003,1625.1637622345324
Country_9,2004,1687.4285621398828
Country_9,2005,1692.5336391022763
Country_9,2006,1707.580314381745
Country_9,2007,1789.7645999218696
Country_9,2008,1805.2663616176994
Country_9,2009,1809.6330008723573
Country_10,1980,972.9707010281245
Country_10,1981,982.6367327984493
Country_10,1982,1049.0221329167236
Country_10,1983,1089.2968864148154
Country_10,1984,1044.159373201138
Country_10,1985,1104.8327239048826
Country_10,1986,1102.4319545720562
Country_10,1987,1128.0111943982886
Country_10,1988,1148.6608976302768
Country_10,1989,1166.439136243759
Country_10,1990,1208.363763228999
Country_10,1991,1214.9221949552837
Country_10,1992,1261.5811577447714
Country_10,1993,1280.2906994647753
Country_10,1994,1302.142409949505
Country_10,1995,1314.9085250637381
Country_10,1996,1348.1855676592947
Country_10,1997,1402.02323867259
Country_10,1998,1424.672066191684
Country_10,1999,1423.395691992009
Country_10,2000,1473.7923789343242
Country_10,2001,1516.2695899496903
Country_10,2002,1497.8785788094722
Country_10,2003,1572.7592219681364
Country_10,2004,1579.8773833040318
Country_10,2005,1636.404429024471
Country_10,2006,1642.2271216348095
Country_10,2007,1654.5445088476827
Country_10,2008,1691.9041451205294
Country_10,2009,1759.905792688984
