play_game_seconds,subscription,user_age,games_played,avg_time_per_game,group,session_time_seconds,engagement_score,location,user_id,device_type
271,False,56,3,33.72535614758424,A,134.90142459033697,181.79991548243254,Asia,0,Android
278,False,46,6,16.550295852123497,A,115.85207096486448,174.92635020320725,Asia,1,Android
206,True,32,8,15.492295127002308,A,139.43065614302077,165.94326941357997,US,2,Android
201,False,25,12,12.745453514787751,A,165.69089569224076,176.1711470806155,US,3,iOS
282,False,38,13,8.069671339878566,A,112.97539875829992,179.12519652741483,Asia,4,Android
220,False,56,11,9.414657607627051,A,112.9758912915246,153.51536687331753,US,5,Android
264,True,36,12,12.875106497324749,A,167.37638446522175,210.97702294765895,EU,6,Android
260,False,40,1,71.51152093729362,A,143.02304187458725,186.87899668929072,Asia,7,Android
263,False,28,17,5.88420935677508,A,105.91576842195144,166.86275066843183,US,8,PC
221,False,28,16,8.016282429857585,A,136.27680130757895,173.75249869034124,US,9,PC
209,True,41,11,8.841455767968844,A,106.09746921562612,144.43357197421528,US,10,iOS
296,False,53,13,7.57343624234945,A,106.0281073928923,184.13292630802047,US,11,iOS
262,True,57,18,6.697835165630582,A,127.25886814698104,182.81274719829744,Asia,12,Android
241,True,41,11,5.216799388355505,A,62.601592660266064,134.66978489096502,US,13,iOS
230,False,20,12,5.250189617277617,A,68.25246502460902,127.27949710123298,Asia,14,Android
242,True,39,6,14.733053446110118,A,103.13137412277082,164.82769559627218,US,15,PC
235,True,19,9,8.961506638996728,A,89.61506638996728,158.87245881689594,Asia,16,iOS
206,True,41,16,7.6133776457563656,A,129.42741997785822,160.1005926780519,US,17,iOS
264,False,47,4,18.551855546872737,A,92.75927773436368,156.02379227376633,US,18,iOS
228,False,55,3,19.40772223998531,A,77.63088895994125,137.92404691758986,US,19,Android
270,False,19,16,9.645262533390977,A,163.9694630676466,211.33097854351794,EU,20,Android
282,False,38,12,8.709746998877225,A,113.22671098540393,177.66008821266433,EU,21,iOS
248,True,50,11,10.16882051171981,A,122.02584614063773,171.7710117637917,Asia,22,PC
251,False,29,5,12.876259068932717,A,77.2575544135963,148.4578033302185,US,23,Android
230,False,39,18,5.456237803381291,A,103.66851826424453,160.21635021957633,US,24,iOS
210,True,42,19,6.1663838845648,A,123.327677691296,161.87372528022445,EU,25,Android
258,False,44,6,12.210027525332988,A,85.47019267733091,158.56645545405988,US,26,Android
256,False,59,18,6.908996871072114,A,131.27094055037017,179.03122154683996,US,27,iOS
273,True,45,6,14.568691328919405,A,101.98083930243584,172.39809835733112,Asia,28,iOS
257,True,33,4,22.24983750124034,A,111.2491875062017,165.93969586809538,Asia,29,iOS
211,True,32,12,7.842215510239853,A,101.9488016331181,149.7969114792969,Asia,30,iOS
263,True,20,19,8.778417276763406,A,175.56834553526812,216.29710552508894,EU,31,PC
257,False,54,2,39.86502775262067,A,119.595083257862,177.32386779858035,US,32,PC
240,False,24,17,4.903815118406833,A,88.26867213132299,147.12415034481972,US,33,iOS
215,False,38,11,12.056362280257972,A,144.67634736309566,171.7871727776494,EU,34,iOS
263,False,26,11,6.947890875072445,A,83.37469050086933,164.25739535383164,Asia,35,iOS
295,True,56,16,7.42740634412604,A,126.26590785014268,192.00599248696813,US,36,iOS
283,False,35,2,20.403298761202244,A,61.20989628360673,155.1759086074169,US,37,PC
202,False,21,2,26.718139511015693,A,80.15441853304708,130.58710911092086,US,38,iOS
213,False,42,8,13.98953745289708,A,125.90583707607372,159.07282000334502,EU,39,iOS
251,False,31,13,10.153856957133021,A,142.1539973998623,178.96915330257025,Asia,40,iOS
252,False,26,10,11.37645894869992,A,125.14104843569912,176.942630964362,EU,41,Android
204,False,43,8,12.947839058705867,A,116.5305515283528,151.97383525004227,US,42,iOS
271,False,19,4,22.193377826464268,A,110.96688913232134,184.01280683668946,Asia,43,Android
270,True,37,15,4.7277712680610735,A,75.64434028897718,149.0856406962738,EU,44,iOS
200,True,45,1,49.20233687407937,A,98.40467374815874,150.51664720663416,US,45,Android
211,True,24,11,8.848403072600531,A,106.18083687120638,150.0025547702068,US,46,Android
277,False,25,7,18.964208348320934,A,151.71366678656747,203.7173461780513,US,47,iOS
279,False,52,17,7.239363815947436,A,130.30854868705384,186.81976854007115,US,48,Android
281,False,31,20,3.1956569209103804,A,67.10879533911799,154.23880874124313,Asia,49,PC
238,False,34,18,6.827501004307571,A,129.72251908184384,175.39876609027237,US,50,PC
265,False,53,12,8.342117814423885,A,108.4475315875105,175.75515541161067,Asia,51,Android
271,False,57,9,9.969233999082125,A,99.69233999082124,163.32379295653305,US,52,Android
226,True,21,5,23.05838144420434,A,138.35028866522603,180.4440774780758,US,53,PC
283,True,19,10,13.720907788625322,A,150.92998567487854,205.565069023787,US,54,Android
285,False,23,4,29.587680714697193,A,147.93840357348597,205.80418662062814,US,55,iOS
258,False,59,5,15.803912383886805,A,94.82347430332084,158.98937327446868,US,56,PC
243,False,21,10,10.065784429496688,A,110.72362872446357,158.99346404328287,Asia,57,iOS
246,True,46,11,10.82815857850891,A,129.93790294210692,176.7263649022806,EU,58,Android
206,True,35,10,13.569668528515525,A,149.26635381367078,172.89629003731855,EU,59,iOS
228,False,43,8,11.736085873849033,A,105.6247728646413,147.64772237821234,US,60,iOS
258,True,51,2,38.14341023336183,A,114.43023070008547,175.8245654458769,US,61,iOS
242,True,27,8,9.645550086646573,A,86.80995077981916,153.8685936373744,US,62,Android
271,False,53,16,4.947870663387052,A,84.11380127757988,155.2199576474423,EU,63,iOS
298,True,31,5,24.062629111970992,A,144.37577467182595,200.71253805173512,US,64,iOS
279,False,48,3,40.17180021428117,A,160.68720085712468,206.49751362990332,US,65,iOS
276,True,32,12,9.064592027122305,A,117.83969635258998,181.22329329648548,EU,66,Android
260,True,25,13,10.721856209768623,A,150.10598693676073,192.74273711247977,US,67,PC
291,False,31,13,9.346362910816358,A,130.84908075142903,194.60485928700353,US,68,Android
284,False,40,10,9.149673396531481,A,100.64640736184629,175.09523290548736,US,69,Android
246,False,57,4,26.168373633050482,A,130.8418681652524,170.06377620552328,Asia,70,PC
291,False,38,9,16.614109699397908,A,166.1410969939791,209.81818005987114,EU,71,Android
257,True,33,2,39.64173960890048,A,118.92521882670144,160.54374259140513,US,72,iOS
214,False,35,19,8.34696548372101,A,166.9393096744202,190.47631194691948,US,73,iOS
212,True,41,1,20.703823438653835,A,41.40764687730767,109.72072322947184,Asia,74,iOS
297,False,43,7,18.082134391407088,A,144.6570751312567,210.8335007360798,EU,75,iOS
284,False,42,17,6.811745113730286,A,122.61141204714514,181.47815724923012,US,76,Android
228,False,58,3,27.757444871505996,A,111.02977948602398,157.9399043892802,Asia,77,Android
200,False,46,20,5.845372537907861,A,122.75282329606507,154.72582650822204,US,78,iOS
243,True,32,20,2.874901550570153,A,60.372932561973215,130.61484706303386,EU,79,Android
245,True,18,3,28.35246084121866,A,113.40984336487465,158.2787670265908,EU,80,Android
281,False,42,3,32.678344286338096,A,130.71337714535238,199.5573829678872,US,81,iOS
237,False,24,17,9.129823407902528,A,164.33682134224549,200.39850951169757,Asia,82,PC
270,False,26,7,13.056486681473823,A,104.45189345179058,168.7614747124475,EU,83,Android
266,True,41,14,6.3830127942136246,A,95.74519191320437,166.39825337377067,EU,84,iOS
247,False,18,17,5.830404927359106,A,104.9472886924639,159.34441983369388,US,85,Android
289,True,25,18,7.7611612384769595,A,147.46206353106223,199.1002201035136,US,86,Android
213,False,41,13,9.275895234985038,A,129.86253328979052,172.2538274986594,US,87,Android
205,False,28,20,4.957485423189945,A,104.10719388698884,136.1874719251643,EU,88,Android
221,False,34,20,6.4475249044476515,A,135.39802299340067,168.21129531118484,US,89,Android
263,True,25,18,6.469069814760063,A,122.9123264804412,179.3690150244759,EU,90,Android
217,False,52,4,29.811869943197337,A,149.05934971598668,184.49179272302845,EU,91,iOS
291,False,52,1,49.46920359183972,A,98.93840718367944,180.24598758138777,US,92,iOS
295,False,50,18,5.798428189582472,A,110.17013560206696,175.74083248840358,EU,93,iOS
292,False,22,1,54.11837770301764,A,108.23675540603529,181.72830203845027,US,94,Android
252,False,59,13,5.43532511114546,A,76.09455155603644,146.56203192544368,Asia,95,iOS
213,False,56,20,6.137314681520823,A,128.88360831193728,161.38847331066518,US,96,PC
232,False,58,20,6.087221817399842,A,127.83165816539668,172.59804043688953,US,97,Android
278,True,45,10,10.923036699933984,A,120.15340369927382,176.2465075807844,US,98,PC
225,True,24,11,9.413532166562133,A,112.9623859987456,155.73425203656402,US,99,PC
224,False,26,9,7.753887773848757,A,77.53887773848757,138.51742038415793,EU,100,PC
215,True,25,9,10.738064031703923,A,107.38064031703922,153.82626261602675,EU,101,PC
250,False,29,5,18.286427417366152,A,109.71856450419692,166.57823607006415,EU,102,Android
227,False,51,1,47.96584096167572,A,95.93168192335143,146.91704815250938,US,103,Android
258,False,50,17,6.397857147223317,A,115.16142865001972,171.6971508218795,US,104,iOS
300,False,40,2,44.040508568145384,A,132.12152570443615,202.97495103454787,US,105,iOS
224,False,41,13,12.613255502593992,A,176.5855770363159,195.72085014241685,EU,106,Android
291,False,54,9,12.523733438495517,A,125.23733438495518,186.33316290377047,Asia,107,Android
243,True,52,4,25.545302344336584,A,127.72651172168293,167.66841911328524,US,108,iOS
213,False,57,5,19.627770421169167,A,117.766622527015,148.41178640902842,US,109,Android
296,True,39,11,5.203071961752396,A,62.43686354102876,163.14002221706403,EU,110,PC
253,False,44,19,5.960229186826174,A,119.20458373652347,176.7600594199763,Asia,111,Android
205,False,52,3,30.4517265745577,A,121.8069062982308,154.55170436303575,EU,112,Android
281,False,18,12,14.915174105735273,A,193.89726337455855,226.46939559891473,Asia,113,PC
286,True,52,19,5.711458552828316,A,114.22917105656632,180.06785259410302,US,114,PC
275,False,54,19,6.452321013500419,A,129.04642027000838,192.89403769991608,US,115,Android
215,False,31,13,8.497046207774478,A,118.9586469088427,166.89735568617934,Asia,116,PC
298,True,20,7,10.617457358926755,A,84.93965887141404,167.1368307032107,EU,117,PC
257,True,18,15,9.642792777215664,A,154.28468443545063,201.06288826454892,US,118,PC
258,True,22,7,17.819748872575403,A,142.55799098060322,188.87485916515638,EU,119,iOS
284,False,43,8,15.970106490143488,A,143.7309584112914,198.77643039722253,Asia,120,Android
275,True,31,5,15.453062726026305,A,92.71837635615783,173.1520972278443,EU,121,iOS
264,False,56,14,10.805588621872198,A,162.08382932808297,202.7994689931359,EU,122,iOS
217,False,44,4,15.588893623246316,A,77.94446811623158,135.04850306601213,US,123,Android
263,False,26,10,12.50961025581892,A,137.60571281400811,189.0047973529621,EU,124,Android
200,True,32,20,8.843508036871397,A,185.71366877429932,183.3002044312823,EU,125,PC
267,False,32,15,5.64274439037996,A,90.28391024607936,162.41240189122794,Asia,126,iOS
294,False,43,18,5.421635163785097,A,103.01106811191684,176.59318074494894,Asia,127,PC
206,False,59,20,5.856644807268059,A,122.98954095262924,149.08795887084943,Asia,128,Android
270,False,30,13,7.492552169751002,A,104.89573037651402,168.35175282366458,US,129,Android
255,False,49,8,8.164455229779557,A,73.48009706801602,143.46111389262487,EU,130,PC
274,False,56,9,12.205688924418082,A,122.05688924418082,187.98354624216014,EU,131,Android
261,False,49,16,5.184169916953933,A,88.13088858821686,151.95958507241997,EU,132,iOS
265,False,21,19,6.710388645952773,A,134.20777291905546,182.57542655618698,EU,133,PC
299,True,47,16,5.436310174881523,A,92.4172729729859,176.2273050865316,Asia,134,iOS
222,True,54,7,20.81225401881577,A,166.49803215052617,182.0698504335445,US,135,iOS
288,True,40,14,6.433493415327525,A,96.50240122991288,169.80640694678604,EU,136,PC
274,False,56,14,7.355876967588649,A,110.33815451382974,167.48050903163175,US,137,iOS
222,False,32,4,28.881103304218016,A,144.40551652109008,180.04336721268103,US,138,Android
293,False,46,15,5.192129406686334,A,83.07407050698134,165.53762670198788,EU,139,iOS
216,False,53,3,31.70594950953097,A,126.82379803812388,162.41468959786312,EU,140,PC
213,False,30,5,26.535713771412144,A,159.21428262847286,185.30862117603917,US,141,iOS
249,False,49,1,35.88775148158159,A,71.77550296316318,139.0539573596285,US,142,PC
284,False,24,3,31.38475393899228,A,125.53901575596912,187.36347441034147,EU,143,Android
276,False,39,15,7.987280239215794,A,127.7964838274527,181.79625029994293,US,144,iOS
277,True,45,8,15.939409572591034,A,143.4546861533193,191.58029308701254,US,145,Android
241,True,19,4,16.57829573473151,A,82.89147867365755,141.53197273416515,US,146,PC
264,True,59,2,26.795433869157236,A,80.38630160747171,151.3693290103147,US,147,Android
249,False,23,10,12.332567906227904,A,135.65824696850694,179.07097051023885,US,148,iOS
253,False,45,4,25.781908039399116,A,128.90954019699558,179.98888487268925,US,149,Android
277,False,45,3,31.878696377594075,A,127.5147855103763,182.8527865660163,US,150,Android
288,True,37,2,43.46448209496975,A,130.39344628490926,195.03423115053295,Asia,151,Android
297,False,47,17,5.533292130702516,A,99.59925835264528,180.98456146920333,EU,152,Android
231,False,28,20,6.046076710230005,A,126.9676109148301,166.24145563473672,EU,153,Android
235,True,45,13,9.199441014211459,A,128.79217419896042,167.25168165728434,US,154,iOS
250,False,42,5,16.42824290986816,A,98.56945745920896,159.56706963542533,US,155,Android
243,True,56,9,17.59732353343427,A,175.9732353343427,201.76935388555341,EU,156,Android
237,False,50,6,19.173569661050518,A,134.21498762735362,176.43075172277992,US,157,iOS
257,False,18,5,14.043482513986758,A,84.26089508392054,161.20586923165217,US,158,PC
217,True,44,10,12.699691659910444,A,139.69660825901488,170.9611501975475,EU,159,Android
217,True,30,8,10.084394432575596,A,90.75954989318036,138.05957712950757,EU,160,Android
252,False,58,7,17.951567264034196,A,143.61253811227357,182.51307480765385,US,161,PC
277,False,20,7,19.344733421277766,A,154.75786737022213,199.39371226552535,US,162,Android
289,False,56,6,13.625647207064096,A,95.37953044944868,165.5138867341136,EU,163,PC
295,False,23,20,7.090537327491889,A,148.90128387732966,212.00448836812566,US,164,Android
265,False,25,3,33.09585695202374,A,132.38342780809495,174.26366258807815,EU,165,iOS
238,False,44,19,7.233090239991735,A,144.6618047998347,184.43760696849733,EU,166,Android
289,False,26,15,11.05648684247615,A,176.9037894796184,217.4019541543949,Asia,167,Android
270,False,54,4,22.52767130398278,A,112.63835651991388,173.02098783882775,US,168,Android
240,False,50,12,7.491378082251948,A,97.38791506927532,149.94281083384325,Asia,169,iOS
291,False,59,6,13.330652444462043,A,93.3145671112343,179.61806356495072,EU,170,iOS
294,False,41,19,4.776284572551842,A,95.52569145103683,174.996992879051,US,171,iOS
270,False,32,4,23.537389743515376,A,117.68694871757688,182.5640618557604,US,172,iOS
280,True,49,15,8.139659952781207,A,130.2345592444993,196.64336983967962,EU,173,Android
227,False,49,9,12.830072397990056,A,128.30072397990057,168.59746175805236,US,174,iOS
225,False,41,5,24.135916245180116,A,144.8154974710807,170.91117962837237,US,175,Android
226,True,58,13,8.5992897683098,A,120.39005675633722,161.53082030322346,US,176,Android
279,False,29,18,8.61084327972208,A,163.6060223147195,206.0523733210007,Asia,177,Android
291,False,56,5,18.67671583381022,A,112.06029500286132,181.11865619228033,EU,178,PC
237,True,19,16,11.85912205868756,A,201.60507499768855,215.2899260353667,EU,179,Android
287,False,20,19,6.938501021647509,A,138.7700204329502,197.39123404930882,US,180,Android
244,True,54,14,6.2856848871674345,A,94.28527330751152,156.23170978960835,US,181,Android
286,True,34,16,5.169013238715685,A,87.87322505816664,169.91045650380244,EU,182,iOS
216,False,19,15,8.404635778580973,A,134.47417245729557,166.41377759304507,US,183,PC
290,False,19,4,22.659223288044895,A,113.29611644022448,185.99501445467425,US,184,iOS
283,True,45,7,17.677501852845346,A,141.42001482276277,195.30520961898046,EU,185,iOS
222,False,40,16,7.893948749247433,A,134.19712873720636,175.89217637030632,Asia,186,Android
264,False,54,8,13.090570291143758,A,117.81513262029382,173.4615231310881,EU,187,iOS
269,True,49,17,5.255343803219325,A,94.59618845794785,170.34364549788086,EU,188,PC
288,True,50,16,4.385563721142592,A,74.55458325942406,152.55241449679582,Asia,189,Android
281,False,18,10,9.691322857999033,A,106.60455143798936,174.46069457573938,US,190,PC
241,True,36,10,13.244723984518561,A,145.69196382970418,182.16028742975448,EU,191,Android
290,False,19,2,42.140937441302036,A,126.42281232390611,193.24864636808604,Asia,192,Android
214,False,43,9,8.262783663864036,A,82.62783663864036,139.48578599927833,US,193,PC
297,False,49,17,6.955301543085303,A,125.19542777553546,187.67028065002367,EU,194,iOS
245,True,23,11,10.963293449322093,A,131.5595213918651,171.39579762490453,EU,195,PC
271,False,49,10,8.498570628542364,A,93.484276913966,157.4810258097984,EU,196,iOS
261,False,21,17,6.9228751765758805,A,124.61175317836584,185.7679728930116,EU,197,Android
274,False,28,4,24.349252310676,A,121.74626155338,184.13578164601364,Asia,198,iOS
273,True,34,16,5.041817121475371,A,85.71089106508131,155.2046785967632,EU,199,Android
285,True,55,20,6.2254105147832615,A,130.73362081044849,190.22469811648872,US,200,iOS
290,False,41,15,8.551470986940439,A,136.82353579104702,204.00292845293566,Asia,201,PC
253,False,22,5,25.415256215876383,A,152.4915372952583,191.30432622559877,US,202,PC
286,True,51,6,21.659151651578156,A,151.6140615610471,203.6824962476724,US,203,PC
295,False,23,17,4.370551053404848,A,78.66991896128727,161.29546784265705,US,204,iOS
268,True,39,1,45.93262440127316,A,91.86524880254632,157.19418771243397,US,205,Android
236,False,28,19,6.77255290081299,A,135.4510580162598,181.58725386197167,US,206,Android
254,False,33,4,27.082715705473255,A,135.41357852736627,191.21765506013006,Asia,207,iOS
201,False,50,17,7.525079477176746,A,135.45143058918143,156.74488633957213,EU,208,iOS
266,False,26,9,23.558194471964164,A,235.58194471964163,254.77387847787557,EU,209,Android
213,False,23,2,45.70890510693167,A,137.126715320795,165.03908211102646,US,210,Android
203,False,33,8,17.118552133935328,A,154.06696920541796,176.3084215000952,Asia,211,Android
248,False,46,15,9.288753306549754,A,148.62005290479607,195.4231007669497,Asia,212,Android
218,False,20,7,17.442717192396742,A,139.54173753917394,170.19965954498622,EU,213,iOS
206,False,37,6,15.791703237255662,A,110.54192266078964,147.08544399513698,US,214,iOS
285,True,53,1,71.38453830739901,A,142.76907661479802,203.66685078781973,US,215,iOS
207,True,36,15,6.0509527227420525,A,96.81524356387284,135.3393819531425,US,216,PC
225,False,43,7,14.111930224724965,A,112.89544179779972,163.47257196788198,US,217,iOS
234,False,20,17,5.857727420284828,A,105.4390935651269,157.57750310128904,US,218,iOS
296,False,36,2,40.81874139386323,A,122.45622418158968,188.98498196818292,Asia,219,iOS
300,True,37,9,18.943975700020523,A,189.43975700020525,230.64301618354386,US,220,PC
220,False,49,9,6.398204422224756,A,63.98204422224756,119.4719139742067,US,221,PC
236,False,24,13,10.0419861222311,A,140.5878057112354,176.0718225936213,US,222,Android
287,False,58,6,10.231217694901492,A,71.61852386431045,156.4509255086143,US,223,Android
232,False,50,6,15.120292003759571,A,105.842044026317,150.9987587572328,US,224,Android
218,False,57,20,7.269929424239094,A,152.66851790902098,178.57378586476756,US,225,iOS
207,False,56,20,5.806114312993518,A,121.92840057286388,158.32162576634582,US,226,PC
288,False,35,3,21.916914165530205,A,87.66765666212082,166.7332333172754,EU,227,Android
300,True,57,17,5.474493817900053,A,98.54088872220096,182.4381623659169,Asia,228,Android
237,False,18,17,7.799329581557793,A,140.38793246804028,174.9970595659275,US,229,Android
226,False,28,12,7.545307772960454,A,98.0890010484859,154.27031445019125,US,230,Android
296,False,45,16,7.440809275732896,A,126.49375768745924,194.90532814134983,Asia,231,Android
269,True,42,15,7.58544719981965,A,121.3671551971144,188.1465789670424,US,232,PC
204,False,40,13,7.1751421122732495,A,100.4519895718255,153.94228030428897,US,233,PC
245,False,48,1,92.15916133987989,A,184.31832267975977,206.23977564633947,Asia,234,Android
257,True,47,17,7.723198370530018,A,139.01757066954033,184.0652230172169,US,235,Android
213,False,59,3,14.811430600067947,A,59.24572240027179,119.51622283041948,EU,236,iOS
278,False,52,15,7.849601840192678,A,125.59362944308285,189.53468891672728,EU,237,Android
286,False,24,4,20.029281211389673,A,100.14640605694836,181.11769348654448,US,238,iOS
294,False,33,4,29.11460000877734,A,145.5730000438867,201.67975760548302,US,239,Android
271,True,43,18,5.064440939316789,A,96.224377847019,168.04084804060176,EU,240,PC
228,False,19,17,6.475439264221836,A,116.55790675599305,160.455107604317,US,241,Android
295,True,18,19,6.757480918470685,A,135.1496183694137,202.18031653435116,US,242,Android
282,False,29,11,12.164387985425302,A,145.97265582510363,207.93088196210064,EU,243,iOS
271,False,22,20,3.999576561348891,A,83.99110778832672,157.59302348583094,EU,244,iOS
249,False,54,3,27.49124073119289,A,109.96496292477156,157.22963942149428,US,245,Android
230,True,49,8,11.750182296130147,A,105.75164066517132,159.17049278350427,Asia,246,iOS
265,False,26,14,6.693341534852576,A,100.40012302278863,162.07654772064592,US,247,iOS
300,False,58,1,86.48181360421646,A,172.9636272084329,223.06259764024085,Asia,248,Android
289,False,52,14,8.80996342192191,A,132.14945132882866,198.82482498165524,EU,249,Android
236,False,36,2,27.391160456649548,A,82.17348136994865,145.19106308962475,EU,250,Android
288,False,33,4,29.507171682328657,A,147.5358584116433,203.21291491922076,US,251,iOS
285,False,20,19,9.18323429551895,A,183.664685910379,221.3194029839358,Asia,252,Android
206,False,37,6,21.567708259504915,A,150.9739578165344,158.48490578854563,US,253,Android
248,True,41,1,37.2094505106898,A,74.4189010213796,147.34294469160878,EU,254,Android
249,True,50,17,5.859609878556249,A,105.47297781401248,161.61902819227868,US,255,Android
253,False,41,8,17.55637049728874,A,158.00733447559867,203.57108207713782,US,256,iOS
300,False,28,19,4.938495801571829,A,98.76991603143658,181.25208976867128,US,257,Android
287,False,25,1,66.65729142219342,A,133.31458284438685,192.0831228439579,Asia,258,Android
240,False,53,5,23.873170267146687,A,143.23902160288011,187.27776340360828,Asia,259,PC
270,True,55,16,5.423063873685736,A,92.19208585265751,169.07089854138547,US,260,Android
206,False,57,6,16.887748474020857,A,118.214239318146,152.2333845191252,US,261,Android
201,True,37,8,2.529108866436425,A,22.761979797927825,100.02541220662285,EU,262,Android
295,True,52,13,6.376312197140807,A,89.2683707599713,168.78448217905253,US,263,Android
232,False,42,16,6.613115026953246,A,112.4229554582052,161.05201212196263,US,264,PC
225,True,52,3,20.64162613526363,A,82.56650454105451,142.3969446632266,EU,265,Android
279,False,42,19,8.448616955897453,A,168.97233911794905,216.90731139084036,EU,266,Android
299,True,46,12,5.9304429739370015,A,77.09575866118102,168.96506443978808,Asia,267,Android
256,False,35,16,6.282274435240616,A,106.79866539909048,164.81591333663843,US,268,Android
228,False,35,11,10.326851443215228,A,123.92221731858274,171.02181859460686,US,269,Android
281,True,19,10,14.839836242907587,A,163.23819867198347,209.720782587658,EU,270,PC
290,False,52,20,3.663054069743658,A,76.92413546461682,159.30934446739414,EU,271,Android
290,False,33,4,30.978982512929758,A,154.8949125646488,206.16525770222262,EU,272,Android
282,False,58,12,9.254383986968277,A,120.3069918305876,194.68413705573425,EU,273,PC
247,True,53,2,30.184913489520493,A,90.55474046856148,149.42292714067716,US,274,iOS
296,False,50,19,6.693155211394907,A,133.86310422789813,205.17603867054112,Asia,275,iOS
275,False,21,5,20.99529847786735,A,125.9717908672041,179.9057410412716,US,276,iOS
269,False,50,8,11.332610409470684,A,101.99349368523616,171.23562343651264,US,277,PC
294,False,31,7,15.26175781871257,A,122.09406254970057,192.3418547872745,EU,278,iOS
277,False,38,14,7.229372806276481,A,108.4405920941472,183.97048965511948,US,279,iOS
225,False,37,3,30.85138008938436,A,123.40552035753744,160.7713027386799,US,280,iOS
299,False,25,18,7.361258959770074,A,139.8639202356314,198.86503105157692,Asia,281,iOS
292,False,24,16,9.85767673437415,A,167.58050448436055,216.7657507988814,US,282,iOS
224,False,20,19,4.143276751759727,A,82.86553503519453,147.64333016731896,EU,283,Android
237,False,34,19,9.1995500619844,A,183.991001239688,200.77380834409396,US,284,Android
257,False,50,18,3.2335455797013126,A,61.437366014324944,126.72033644757397,EU,285,iOS
222,False,29,20,5.4974498642348815,A,115.4464471489325,158.36670747622594,US,286,iOS
287,True,39,16,8.097030364384546,A,137.64951619453728,202.13732430652743,US,287,iOS
209,False,39,8,14.26997289245011,A,128.429756032051,155.5888239560313,Asia,288,iOS
223,False,47,1,50.6595072026911,A,101.3190144053822,154.23106950999562,EU,289,Android
222,False,55,17,6.3197962494045425,A,113.75633248928176,151.87424456850675,US,290,Android
294,False,55,12,8.093074766171922,A,105.209971960235,179.9931904976826,US,291,iOS
265,False,25,11,8.526588107639471,A,102.31905729167366,171.15484595143448,Asia,292,Android
215,False,44,5,24.248010485105123,A,145.48806291063073,167.35551073768625,EU,293,iOS
248,True,44,12,10.054651121457802,A,130.71046457895142,178.53384540490865,EU,294,PC
205,False,51,17,5.511817341232243,A,99.21271214218038,147.6024948417694,EU,295,Android
254,False,38,6,20.998285180428216,A,146.9879962629975,192.16246825385525,US,296,Android
235,False,47,1,64.60949281314915,A,129.2189856262983,167.92826108782515,US,297,iOS
271,False,50,5,24.064310594194797,A,144.3858635651688,202.62510990268524,EU,298,PC
233,False,45,14,9.259257683847222,A,138.88886525770835,179.82528171423746,US,299,iOS
216,False,50,5,15.855024945389639,A,95.13014967233784,134.17584980378115,US,300,iOS
220,True,22,1,51.59728439704546,A,103.19456879409093,154.2379593501257,Asia,301,iOS
274,True,36,18,7.495726744931466,A,142.41880815369785,192.19441363013235,EU,302,iOS
232,True,21,16,8.135947527235526,A,138.31110796300393,176.7694825160147,EU,303,PC
200,False,52,9,11.937295218107556,A,119.37295218107556,156.66379133011162,EU,304,Android
242,False,34,19,6.175991074963173,A,123.51982149926346,168.16386997623394,EU,305,iOS
259,False,45,5,26.388324478942124,A,158.32994687365274,190.3700050539826,US,306,Android
290,False,47,2,34.084286111641696,A,102.2528583349251,184.87944096048417,US,307,PC
219,False,46,15,8.525807589693821,A,136.41292143510114,175.2706702170704,US,308,PC
205,False,23,7,14.241777553372895,A,113.93422042698316,149.92425219027518,US,309,Android
219,False,52,4,22.693912780636676,A,113.46956390318338,159.9488455993706,EU,310,PC
241,False,58,1,76.48165277980786,A,152.96330555961572,186.33104967545103,US,311,PC
276,False,54,13,10.340177890688636,A,144.7624904696409,197.7423451655888,US,312,Android
206,False,41,20,6.876442337143769,A,144.40528908001914,168.32173373482777,US,313,iOS
299,True,46,7,19.895545526828734,A,159.16436421462987,213.45389810199143,US,314,Android
280,False,48,15,7.5393822030614235,A,120.63011524898278,186.17458204981844,US,315,PC
278,True,52,14,9.363905942589927,A,140.4585891388489,189.43425936508137,US,316,iOS
284,False,50,19,5.534599865109816,A,110.69199730219631,178.7572942274899,US,317,PC
238,False,38,20,6.177380503554918,A,129.72499057465328,174.60739170720902,US,318,iOS
262,False,49,18,6.110300440472078,A,116.09570836896948,183.6479285611899,US,319,iOS
273,True,40,10,11.17362535907105,A,122.90987894978154,177.10825629330543,EU,320,iOS
270,False,50,9,13.785471076310742,A,137.85471076310742,193.3155917465266,US,321,iOS
245,True,20,8,10.605931055888426,A,95.45337950299584,158.4227715839368,US,322,PC
209,False,35,10,16.615601660960348,A,182.7716182705638,183.87937730892457,EU,323,PC
300,True,42,17,4.98997103083383,A,89.81947855500894,175.9443472050516,US,324,PC
290,False,59,2,27.858113872122676,A,83.57434161636803,170.54603036473972,Asia,325,Android
240,False,48,6,22.106189457857433,A,154.74332620500203,191.78925911991342,EU,326,iOS
267,False,20,5,23.95831346981468,A,143.74988081888807,192.63029221696948,US,327,Android
228,True,57,9,13.872359451156466,A,138.72359451156467,176.10035688955094,EU,328,Android
223,True,41,5,23.141727546321402,A,138.8503652779284,173.3594426530022,US,329,Android
266,False,49,18,6.296452463925924,A,119.63259681459256,169.73227139717955,EU,330,iOS
208,False,39,20,4.43249375502024,A,93.08236885542505,140.01602293702737,US,331,Android
300,False,40,9,12.22741367458118,A,122.2741367458118,191.5291300175787,Asia,332,Android
264,True,19,17,5.538063814146479,A,99.68514865463663,161.88697833779207,US,333,PC
220,False,44,17,8.29186622236292,A,149.25359200253254,189.9770049694528,EU,334,PC
253,True,59,12,8.891406042687372,A,115.58827855493584,176.8160457310593,EU,335,Android
269,True,19,7,11.90438551202808,A,95.23508409622464,158.99019015616284,US,336,Android
268,False,43,3,27.58960618760255,A,110.3584247504102,175.14823583307532,US,337,Android
251,False,34,10,12.035267602569883,A,132.38794362826872,187.12289255478285,EU,338,iOS
211,True,57,2,34.36275447196025,A,103.08826341588076,138.77196227914843,Asia,339,PC
244,True,50,3,23.83334703325176,A,95.33338813300703,155.18494858684,US,340,PC
228,True,26,16,7.488859784985728,A,127.31061634475736,168.20673343545187,EU,341,Android
227,False,56,2,42.44966571108723,A,127.34899713326168,160.8369338674619,Asia,342,iOS
284,False,46,10,9.52651861262419,A,104.7917047388661,178.3727743663808,Asia,343,iOS
242,True,59,6,15.124121547350045,A,105.86885083145032,165.90254245146082,US,344,Android
242,True,43,11,10.58012484339409,A,126.96149812072908,180.51713682953323,EU,345,iOS
246,False,52,7,9.569683719385035,A,76.55746975508028,143.08766134491844,US,346,PC
237,False,42,15,4.861005423043959,A,77.77608676870335,153.97387723689758,Asia,347,iOS
227,False,41,6,14.063810480346703,A,98.44667336242692,139.57817025047237,US,348,iOS
296,True,30,20,5.409361211840219,A,113.5965854486446,188.33903481825908,US,349,PC
279,True,24,9,12.932722696794011,A,129.3272269679401,182.13486458111478,EU,350,Android
267,False,53,20,7.8219374527850745,A,164.26068650848657,205.80732509257643,US,351,iOS
260,False,37,12,11.209983745850813,A,145.72978869606058,188.82833946711122,Asia,352,iOS
271,True,18,19,5.760092205054859,A,115.20184410109718,180.0554937426111,Asia,353,iOS
296,False,25,20,5.687119702996159,A,119.42951376291934,189.42330468724063,EU,354,Android
283,True,33,3,22.481029765216434,A,89.92411906086573,163.02455054638685,US,355,iOS
201,False,31,15,7.465287870014269,A,119.4446059202283,148.26530881431708,EU,356,Android
214,False,29,2,37.11341361079861,A,111.34024083239584,162.06644198668528,US,357,PC
285,True,40,2,43.227185603380896,A,129.6815568101427,194.0265527783977,US,358,iOS
244,False,32,3,23.795767923357577,A,95.1830716934303,146.19919948336624,Asia,359,PC
257,False,45,6,19.36862791817645,A,135.58039542723515,186.9021759319249,US,360,PC
230,False,51,15,10.373885461879834,A,165.98216739007734,190.6159171222564,US,361,iOS
282,False,19,10,10.612472322390389,A,116.73719554629427,182.86532276326227,Asia,362,PC
278,True,49,9,13.205135166296824,A,132.05135166296824,194.53025176768995,US,363,Android
279,False,40,1,70.35215987566669,A,140.70431975133337,201.93872771936427,US,364,PC
231,True,39,16,6.350787402554407,A,107.96338584342492,152.88396786645148,Asia,365,Android
205,False,42,6,18.103253493473215,A,126.7227744543125,157.88495640181057,US,366,Android
287,False,39,9,12.037777202345385,A,120.37777202345384,184.29610820037945,EU,367,Android
241,False,39,4,24.586056591292994,A,122.93028295646496,173.14248067925027,Asia,368,PC
248,True,59,2,32.26990216144534,A,96.809706484336,156.12430142192073,Asia,369,Android
214,False,23,4,24.147061045553656,A,120.73530522776828,158.18744053517037,EU,370,Android
249,False,32,1,67.46997436868175,A,134.9399487373635,179.21258543736727,US,371,PC
232,False,54,19,8.176715411692562,A,163.53430823385125,190.3899873624641,US,372,iOS
269,True,50,10,13.525284071141472,A,148.7781247825562,205.39012989917438,Asia,373,iOS
292,True,25,15,11.537217107834168,A,184.5954737253467,239.51111505904666,Asia,374,iOS
236,False,22,19,4.848978655667926,A,96.97957311335853,154.4732043367275,EU,375,iOS
203,False,56,16,8.59821288833061,A,146.16961910162036,168.4019225618877,US,376,iOS
266,True,21,4,25.100052034430114,A,125.50026017215056,173.72197229884193,US,377,PC
298,False,23,2,61.898029332176726,A,185.6940879965302,226.81436179886123,US,378,iOS
247,False,49,13,6.839360817096105,A,95.75105143934546,155.61695068467776,EU,379,Android
265,False,47,1,47.40417236728836,A,94.80834473457672,159.3096907375589,US,380,iOS
265,True,52,17,5.667678924259962,A,102.01822063667932,164.16142856764796,Asia,381,PC
257,True,57,13,4.020223447907557,A,56.2831282707058,144.44682433270432,EU,382,PC
262,False,33,4,20.84546986991543,A,104.22734934957715,167.4803636784387,US,383,Android
205,True,30,7,12.153252519173632,A,97.22602015338906,140.92667204904313,EU,384,PC
237,False,59,17,6.917322977460346,A,124.51181359428622,166.1361353548806,US,385,iOS
283,False,47,9,13.025267927331479,A,130.25267927331478,197.2393311878368,EU,386,PC
224,False,36,4,35.257025035295314,A,176.28512517647658,194.3081819659431,EU,387,iOS
241,False,34,19,7.425635757279075,A,148.5127151455815,182.9033107615946,Asia,388,PC
265,False,36,1,51.34644516506396,A,102.69289033012792,159.71198011152956,Asia,389,iOS
210,True,45,10,8.458869078140843,A,93.04755985954928,139.52302634697273,US,390,Android
212,False,43,4,26.951515029039037,A,134.75757514519518,162.89425507823012,US,391,Android
221,False,54,9,8.039300378938075,A,80.39300378938074,145.05870100371294,EU,392,iOS
298,False,43,13,12.4959830696879,A,174.94376297563062,233.38575124538812,US,393,iOS
268,True,40,14,10.358880241442572,A,155.3832036216386,194.25351969915178,US,394,iOS
268,True,26,10,9.629520948805348,A,105.92473043685884,165.14407207271032,US,395,iOS
200,True,29,6,9.800852018181953,A,68.60596412727367,119.78198030073196,EU,396,Android
280,False,18,16,9.448010072056611,A,160.6161712249624,204.28951325800605,US,397,iOS
208,False,18,6,16.651972091774493,A,116.56380464242146,154.22536566388644,EU,398,iOS
226,False,51,17,8.7296938532891,A,157.13448935920383,183.04757617009446,Asia,399,iOS
285,True,49,10,6.560651839651726,A,72.16717023616899,158.7029638444777,US,400,PC
280,True,42,18,5.369407858494042,A,102.0187493113868,178.29171719506692,US,401,iOS
299,False,57,18,6.324068999555027,A,120.1573109915455,186.3732790432498,US,402,iOS
227,False,18,3,30.35235445323557,A,121.40941781294228,168.6217068001524,Asia,403,iOS
287,True,33,20,5.071335040743937,A,106.49803585562267,175.05555944177274,US,404,Android
254,False,56,15,8.66784362315156,A,138.68549797042496,195.55371302799887,US,405,PC
213,True,22,15,5.498211694907635,A,87.97138711852216,146.08771210236023,US,406,iOS
226,False,39,4,23.14572308987224,A,115.7286154493612,159.27176759018553,EU,407,iOS
268,False,46,9,12.360886895135696,A,123.60886895135695,176.54740414816396,US,408,Android
289,True,20,19,6.771658251088124,A,135.43316502176248,191.08556911468457,EU,409,Android
294,True,29,17,7.8526914634814835,A,141.3484463426667,206.7772103159727,Asia,410,iOS
299,False,43,11,7.188394770405327,A,86.26073724486392,171.20442851426586,US,411,Android
255,True,33,9,7.3976574877931345,A,73.97657487793134,151.0202793555186,Asia,412,PC
282,False,54,10,14.393664059723205,A,158.33030465695526,218.81932764065135,US,413,iOS
209,False,39,18,6.840495808388829,A,129.96942035938775,157.72973752205203,Asia,414,Android
295,False,46,20,4.645019233490638,A,97.5454039033034,170.3765511231916,EU,415,Android
287,False,31,13,11.895325661833978,A,166.53455926567568,215.68353673206852,Asia,416,Android
219,False,45,8,13.718915447642862,A,123.47023902878576,167.40594147453294,US,417,iOS
203,True,22,7,19.42236444023935,A,155.3789155219148,169.7250478642201,US,418,iOS
258,False,47,17,6.779197469016848,A,122.02555444230327,176.58845635917822,US,419,PC
291,False,22,15,11.363902359153727,A,181.82243774645963,232.34368095373074,US,420,PC
242,False,29,20,8.221915489204576,A,172.6602252732961,192.2317459715258,US,421,Android
204,True,33,15,7.0331922216017375,A,112.5310755456278,150.29523513457215,US,422,Android
211,True,43,1,74.57356426431534,A,149.14712852863067,171.1877616491845,US,423,Android
209,False,43,14,9.290751899170294,A,139.36127848755442,167.83755004738916,US,424,Android
206,True,38,5,26.84315778766174,A,161.05894672597046,182.58428948850073,Asia,425,iOS
222,False,56,11,7.587691348549739,A,91.05229618259686,144.53542024899858,US,426,iOS
232,False,53,16,8.269502576467834,A,140.58154379995318,172.09781426941265,US,427,PC
271,False,50,2,50.58424486849588,A,151.75273460548763,196.94541007212518,US,428,iOS
209,False,47,8,7.470868378589619,A,67.23781540730657,131.0756541460063,US,429,PC
273,False,54,11,7.041853718335562,A,84.50224462002674,161.54601124163653,Asia,430,iOS
229,False,40,18,3.0959491930103678,A,58.823034667196985,131.09541643824244,US,431,iOS
233,True,27,3,27.97944874166582,A,111.91779496666328,161.60215353091317,EU,432,iOS
252,False,22,1,70.76313383693943,A,141.52626767387886,189.76134094553694,Asia,433,Android
249,False,53,11,13.75589263024007,A,165.07071156288083,196.66169648804188,Asia,434,PC
257,False,51,16,7.1895790242701905,A,122.22284341259324,172.2961478137188,EU,435,iOS
280,False,48,18,8.88728770353362,A,168.85846636713876,217.13356839952348,Asia,436,PC
251,False,27,16,4.623350367856074,A,78.59695625355326,153.19504380435973,Asia,437,Android
255,False,36,10,6.2635024381223054,A,68.89852681934536,138.767709537624,EU,438,PC
240,False,49,18,6.2280825806895495,A,118.33356903310144,164.12041736274224,EU,439,iOS
202,True,18,6,18.788851924025604,A,131.52196346817922,158.897045939753,EU,440,PC
249,False,22,19,5.95095787785886,A,119.0191575571772,179.11061755921958,EU,441,Android
286,False,21,4,11.59534739976074,A,57.9767369988037,152.0017194751235,EU,442,iOS
215,False,33,13,8.380457058186883,A,117.32639881461635,149.77540513944038,US,443,iOS
268,False,41,14,5.3910609989902945,A,80.86591498485441,155.25463503296513,US,444,PC
200,False,33,3,35.02254411622529,A,140.09017646490116,162.8247121001885,US,445,PC
282,True,19,10,11.908904307536858,A,130.99794738290544,185.5324206497236,US,446,iOS
292,False,45,6,13.114800915739906,A,91.80360641017934,171.358204261634,US,447,Android
279,True,49,1,52.2919962399496,A,104.5839924798992,172.90020828990765,US,448,PC
208,False,44,14,5.881572956222097,A,88.22359434333146,134.32599398791308,EU,449,PC
296,False,37,8,13.124403009089427,A,118.11962708180484,187.23486941217385,US,450,PC
295,True,41,19,7.432713480751858,A,148.65426961503715,214.54952951076632,Asia,451,Android
274,True,29,14,6.028547907328912,A,90.42821860993368,162.03841558545764,US,452,Android
205,False,52,10,12.283763224139575,A,135.12139546553533,163.3211925608225,US,453,iOS
289,True,50,17,5.782903969379266,A,104.09227144882678,177.76153930791241,EU,454,iOS
209,False,50,9,9.621381503212968,A,96.21381503212967,138.80320476744112,EU,455,Android
245,True,54,6,16.684155600194753,A,116.78908920136328,168.47097718265644,US,456,Android
264,True,29,11,7.411894193951565,A,88.94273032741879,159.29239117694007,Asia,457,iOS
213,False,20,7,12.923815104948067,A,103.39052083958454,147.6330951382468,Asia,458,PC
237,False,18,17,4.67020351235192,A,84.06366322233455,140.9420322229186,US,459,Android
300,False,50,1,89.47087699374585,A,178.9417539874917,226.33442985623182,US,460,Android
287,False,57,5,20.176317759858645,A,121.05790655915186,191.23635331224042,Asia,461,Android
238,False,27,9,9.900823476022243,A,99.00823476022244,153.70585769923326,EU,462,Android
277,False,46,18,6.6536524906329815,A,126.41939732202664,187.46054795622229,EU,463,iOS
211,False,30,2,38.8767195030917,A,116.6301585092751,155.21328010919686,Asia,464,iOS
236,False,29,11,9.447576001166944,A,113.37091201400332,164.50952286207158,US,465,iOS
297,False,48,6,19.77500014304325,A,138.42500100130275,204.6482551758507,US,466,iOS
256,False,19,8,15.858359033491016,A,142.72523130141914,187.16438573210536,US,467,Android
248,True,52,4,20.816993114336835,A,104.08496557168418,157.09430282755002,EU,468,Android
250,False,40,18,5.406602777929453,A,102.7254527806596,155.54169502502137,EU,469,iOS
284,True,34,11,9.31237075712089,A,111.74844908545067,185.7375015149522,EU,470,Android
203,False,43,5,8.490394176322075,A,50.94236505793245,115.6166712746148,US,471,iOS
260,True,25,15,4.659016758377715,A,74.54426813404343,151.9733843021137,US,472,PC
220,False,46,18,8.474012001228196,A,161.00622802333572,188.6597544533148,US,473,PC
268,False,43,2,56.44967713501284,A,169.34903140503852,208.00163892489365,EU,474,iOS
228,True,27,11,9.377409901109052,A,112.52891881330864,155.59296919915744,EU,475,Android
217,True,43,13,9.806907777976644,A,137.296708891673,164.27598828601361,US,476,iOS
295,True,51,4,25.867500927261215,A,129.33750463630608,190.15575279885616,Asia,477,Android
250,False,58,7,26.545803031707145,A,212.36642425365716,233.48064799494594,US,478,Android
269,False,24,11,12.798937278586441,A,153.5872473430373,197.28662412705162,Asia,479,iOS
237,True,21,4,23.2324944511154,A,116.162472255577,169.77177869940064,US,480,Android
281,False,28,15,5.708361673874203,A,91.33378678198724,166.2658429172891,EU,481,iOS
218,False,46,1,35.903305196136415,A,71.80661039227283,126.90276019415157,US,482,iOS
238,False,53,3,31.52597726900417,A,126.10390907601668,165.39052145785928,Asia,483,Android
286,False,42,14,6.487298509431392,A,97.30947764147088,169.84491479994375,US,484,iOS
293,False,38,6,11.047484101724253,A,77.33238871206977,170.69062714177332,US,485,Android
282,False,53,18,5.294884919617063,A,100.6028134727242,167.74063768473545,US,486,Android
247,True,27,1,43.77677994578407,A,87.55355989156814,161.91587004233912,US,487,PC
201,True,54,6,24.37346415031099,A,170.61424905217694,178.56551229395794,US,488,iOS
270,True,26,6,20.921313244069072,A,146.4491927084835,199.61926547834634,Asia,489,Android
271,True,41,16,7.044754162382439,A,119.76082076050147,179.53023598502594,US,490,Android
218,False,52,5,27.399720694450124,A,164.39832416670075,184.23619658738951,EU,491,iOS
215,False,52,17,6.795613846079364,A,122.32104922942855,153.03552565203142,EU,492,PC
205,False,53,10,8.560133996377463,A,94.1614739601521,138.00491946233507,EU,493,Android
200,True,35,18,8.72072222726788,A,165.69372231808973,173.62480340902383,US,494,Android
273,True,56,7,17.02091266381747,A,136.16730131053976,182.49249528748666,US,495,Android
276,False,49,3,22.220653842551577,A,88.88261537020631,164.32756261321103,EU,496,PC
250,False,41,13,8.163559975535126,A,114.28983965749175,165.39678826031627,Asia,497,PC
268,True,40,15,5.858215774903581,A,93.7314523984573,171.86061401969928,US,498,Android
270,False,49,20,3.738857527193806,A,78.51600807106992,160.10971341810605,US,499,Android
210,False,54,19,7.881884076050627,B,157.63768152101252,187.06976981929134,US,500,iOS
239,False,29,3,47.27533312376104,B,189.10133249504415,205.656384974487,Asia,501,iOS
226,False,30,4,16.649167527557495,B,83.24583763778747,141.02819128332894,US,502,Android
295,True,40,5,24.33583592901638,B,146.01501557409827,192.5056545460537,US,503,iOS
294,True,42,1,53.58971889405077,B,107.17943778810154,180.4986507694273,Asia,504,Android
292,False,52,4,22.482397543905943,B,112.41198771952972,184.73968437184124,US,505,iOS
244,False,58,12,8.387953417258169,B,109.0433944243562,163.7962770431226,US,506,iOS
227,False,47,10,9.122935942749626,B,100.35229537024588,150.79953516943917,EU,507,Android
252,False,34,20,6.169175814011164,B,129.55269209423446,178.86457811529905,Asia,508,PC
282,True,37,13,7.2435425910604865,B,101.4095962748468,160.07954459409103,US,509,iOS
265,False,42,14,9.11030789499699,B,136.65461842495483,189.27388023538276,US,510,Android
218,True,39,5,21.0653967496046,B,126.3923804976276,165.45262775822675,US,511,PC
220,False,30,4,24.07073250005498,B,120.3536625002749,166.9023245133092,US,512,iOS
223,False,36,14,6.597197520977924,B,98.95796281466886,150.41846798518597,EU,513,PC
228,False,53,10,9.958483401983033,B,109.54331742181336,156.27230511952183,US,514,iOS
278,False,29,17,8.454028845912456,B,152.1725192264242,208.0282211470094,US,515,iOS
232,False,58,10,13.093577273089108,B,144.0293500039802,167.43093887939074,US,516,PC
224,False,36,7,12.089779020805794,B,96.71823216644636,145.05619664673208,EU,517,iOS
214,False,29,16,7.716390221984424,B,131.1786337737352,160.47813036394757,EU,518,Android
223,True,26,1,76.02219397394862,B,152.04438794789723,180.25402376958178,Asia,519,PC
285,True,24,17,4.143279500228672,B,74.5790310041161,147.75395454132382,US,520,iOS
272,True,45,9,14.538752615615792,B,145.38752615615792,202.63069400491335,Asia,521,Android
206,True,31,6,15.256577101961847,B,106.79603971373292,145.2285743298185,Asia,522,PC
296,False,48,19,7.312957869749054,B,146.2591573949811,207.74947789278332,US,523,iOS
270,False,36,13,7.398264785045676,B,103.57570699063946,171.26088031968314,US,524,PC
259,False,33,3,17.560943194683848,B,70.24377277873539,152.058713141626,US,525,Android
282,True,22,7,9.48983024846735,B,75.9186419877388,149.04143451827306,US,526,Android
270,False,52,9,12.953871829316423,B,129.53871829316424,186.28483680324763,US,527,Android
209,False,29,5,22.718520009181237,B,136.31112005508743,171.11756333657675,US,528,iOS
237,False,42,10,9.005624363332629,B,99.06186799665892,153.7471885643919,US,529,PC
285,False,38,17,8.246386593381999,B,148.43495868087598,198.30462824283407,Asia,530,PC
208,False,53,12,5.756258308261021,B,74.83135800739328,125.07936422615703,US,531,Android
232,True,40,16,7.405026261369758,B,125.88544644328589,166.36655785693952,Asia,532,Android
212,True,33,3,22.311870401900347,B,89.24748160760139,134.74323881694588,EU,533,Android
225,False,56,9,10.714124455033092,B,107.14124455033092,153.52069114486176,Asia,534,Android
292,False,59,15,8.094797342632829,B,129.51675748212526,202.05129150520017,EU,535,Android
274,False,56,5,16.74446205181892,B,100.46677231091353,166.89323955886073,US,536,Android
262,True,31,13,8.2638730417604,B,115.6942225846456,171.77816367939238,EU,537,Android
242,False,48,14,10.68009132632414,B,160.2013698948621,195.21972485716884,US,538,Android
245,False,22,20,5.2161647702504395,B,109.53946017525924,162.84957428533616,US,539,Android
216,False,52,15,9.671384224130284,B,154.74214758608454,172.5993628849263,Asia,540,iOS
285,True,40,16,5.402904744173895,B,91.84938065095622,168.80368620167863,US,541,iOS
283,True,46,13,10.353838120949218,B,144.95373369328905,199.6777830539888,US,542,Android
230,False,28,17,9.67389977005849,B,174.1301958610528,201.35650924382247,EU,543,Android
212,False,35,8,5.434152888436305,B,48.90737599592674,109.28366360654275,Asia,544,Android
236,True,29,2,34.16645060831491,B,102.49935182494474,160.81120850874407,EU,545,Android
279,True,26,5,24.411051344962882,B,146.46630806977728,198.99063078136666,US,546,Android
208,False,27,6,17.357506806660606,B,121.50254764662424,150.56182023339957,EU,547,Android
224,False,34,12,10.759743688298606,B,139.87666794788188,166.9821092083445,US,548,iOS
240,False,55,18,5.719603896057566,B,108.67247402509376,170.8754270545989,EU,549,Android
262,False,24,1,65.3854365995664,B,130.7708731991328,182.4629438053025,Asia,550,Android
257,False,30,17,6.834351581525192,B,123.01832846745346,181.29351766412452,EU,551,PC
242,True,57,11,13.780752164426152,B,165.36902597311382,187.48081861082767,Asia,552,Android
278,False,59,10,12.376496998694439,B,136.14146698563883,206.07335463120282,US,553,iOS
284,False,26,19,6.940164259320324,B,138.80328518640647,201.34819425367954,EU,554,iOS
239,False,44,14,7.654662472272069,B,114.81993708408103,163.2147611796726,Asia,555,iOS
288,False,19,10,10.2178728026982,B,112.3966008296802,181.10713120853057,US,556,Android
274,True,22,15,7.134883624360757,B,114.15813798977211,181.76787343537828,Asia,557,iOS
219,True,46,19,7.031123427805275,B,140.6224685561055,175.35938956728856,US,558,Android
272,False,54,4,22.90569932275032,B,114.5284966137516,178.42974437023815,EU,559,Android
272,True,55,2,45.757598473561735,B,137.2727954206852,191.2180710434223,Asia,560,iOS
246,True,36,9,19.441282555665403,B,194.41282555665404,217.853030754122,EU,561,Android
240,False,25,10,14.170544591801287,B,155.87599050981416,180.8170765404876,US,562,iOS
254,False,18,11,9.797270580885757,B,117.56724697062909,170.2839746193062,EU,563,Android
221,False,39,14,11.095923033949749,B,166.43884550924622,180.02898801408352,EU,564,iOS
200,False,34,7,14.367698507913795,B,114.94158806331036,151.98791456149877,Asia,565,PC
240,False,24,15,3.9237509296442923,B,62.78001487430868,130.2889390694186,US,566,iOS
231,False,42,19,4.7870619025321535,B,95.74123805064306,141.98685243698995,US,567,PC
300,False,21,15,4.258416157948289,B,68.13465852717262,156.91186249620873,EU,568,Android
228,False,53,8,12.97239650118646,B,116.75156851067813,161.9977221137358,US,569,PC
291,False,23,11,10.71578234450547,B,128.58938813406564,192.52749096766036,EU,570,Android
294,False,48,9,18.164599399280906,B,181.64599399280905,220.72181360052156,EU,571,Android
282,False,36,15,8.653854747528325,B,138.4616759604532,187.35266256761884,Asia,572,Android
255,False,56,1,60.49439153905817,B,120.98878307811634,174.96293378202233,EU,573,Android
235,False,44,1,77.27048929893583,B,154.54097859787166,183.8207466249707,EU,574,Android
246,True,27,19,2.8621835055873843,B,57.24367011174768,131.45579851772837,US,575,Android
217,False,43,3,33.884916464868525,B,135.5396658594741,167.325373578243,US,576,Android
286,True,36,10,13.878880564034812,B,152.66768620438293,208.15094015850633,US,577,iOS
293,False,56,8,8.965026681671674,B,80.68524013504506,169.8458765898766,US,578,iOS
242,False,20,15,10.287508086413858,B,164.60012938262173,196.29262363436527,EU,579,Android
261,False,30,10,12.621080458165569,B,138.83188503982126,186.09681827509453,EU,580,Android
259,False,45,1,57.35539337758718,B,114.71078675517435,172.55028974358362,EU,581,Android
257,False,37,18,7.8025799850211115,B,148.24901971540112,190.05322699294257,Asia,582,Android
245,False,45,2,66.88739048324689,B,200.66217144974067,210.1845361016788,Asia,583,PC
299,False,25,19,6.690986008093593,B,133.81972016187186,205.35156295357098,Asia,584,iOS
239,False,58,13,9.710218482972197,B,135.94305876161076,181.68302956940548,EU,585,iOS
262,True,56,1,56.65022560735609,B,113.30045121471218,182.7219406967303,EU,586,iOS
270,True,18,2,33.601660059042224,B,100.80498017712668,179.88548463866402,US,587,Android
213,True,20,16,9.092396831142109,B,154.57074612941585,172.0623470163857,US,588,PC
222,False,30,15,6.287832348182265,B,100.60531757091624,147.4861909406556,US,589,iOS
282,False,45,13,9.306437113644325,B,130.29011959102056,203.53176973896305,Asia,590,Android
277,False,42,16,6.6302918649127225,B,112.71496170351628,178.2262239441986,Asia,591,Android
210,True,50,17,7.962630801326919,B,143.32735442388454,171.21746716706448,US,592,Android
235,True,55,7,17.334648421147794,B,138.67718736918235,169.6006626630365,US,593,Android
217,False,23,17,8.955626567569599,B,161.20127821625277,184.27221008763556,Asia,594,iOS
268,True,49,7,13.959934404581013,B,111.6794752366481,183.86738701578432,US,595,Android
225,False,38,13,8.526000147900865,B,119.36400207061212,168.0515302928849,US,596,Android
233,False,33,5,16.11326018249436,B,96.67956109496616,148.157813549387,Asia,597,iOS
293,False,38,17,6.321256426531357,B,113.78261567756442,183.48798757369659,US,598,Android
280,True,28,3,35.018403944358816,B,140.07361577743526,190.3896680039898,US,599,iOS
209,True,54,7,19.027954466581406,B,152.22363573265125,170.67836573834222,EU,600,Android
293,True,53,17,5.471706090350889,B,98.490709626316,166.74336613185724,Asia,601,Android
209,False,52,7,19.47842368042264,B,155.82738944338112,176.67233529272997,EU,602,Android
202,False,36,1,85.6902057408792,B,171.3804114817584,191.1788002887071,US,603,Android
264,True,37,17,7.846106494619914,B,141.22991690315845,192.11510976236383,US,604,iOS
280,False,35,17,10.447637000103228,B,188.0574660018581,231.66567455094355,US,605,Android
203,False,58,11,8.603228802390472,B,103.23874562868566,148.5094943818414,EU,606,iOS
274,True,31,3,22.042762373508666,B,88.17104949403466,159.76858924855765,EU,607,iOS
274,False,32,15,4.442559502191443,B,71.08095203506309,148.45103791400564,US,608,PC
251,False,48,11,14.656118163971156,B,175.87341796765386,202.31812799633505,Asia,609,iOS
298,True,18,16,8.761158882548814,B,148.93970100332984,199.97851085978766,US,610,Android
275,False,20,9,12.622129053086544,B,126.22129053086545,185.89442548249713,US,611,Android
227,False,33,1,68.47949802111712,B,136.95899604223425,158.45307564245513,US,612,iOS
204,False,40,16,5.410844146261879,B,91.98435048645194,139.7476878383031,US,613,iOS
270,False,28,9,20.626406334773844,B,206.26406334773844,232.11784268723744,EU,614,iOS
233,False,29,19,6.606753891160364,B,132.13507782320727,174.83824602639856,EU,615,PC
269,False,27,12,10.11543334056589,B,131.50063342735658,191.78546147115463,US,616,Android
269,False,49,19,7.561226598237907,B,151.22453196475814,199.32869212054916,EU,617,iOS
260,False,33,9,14.339229541557483,B,143.39229541557484,198.19323593761868,US,618,Android
283,False,25,7,16.895536097116526,B,135.1642887769322,197.4083023209204,EU,619,Android
299,True,55,14,6.846987828383335,B,102.70481742575002,177.43725622136978,Asia,620,iOS
219,False,29,19,7.154349371417593,B,143.08698742835188,172.26363724628175,US,621,Android
246,False,41,19,9.411239194360054,B,188.22478388720108,200.02841519856995,EU,622,Android
250,False,45,2,57.01781382565309,B,171.05344147695928,198.12111268381472,US,623,PC
228,False,25,9,17.89819720524607,B,178.98197205246072,196.68420120180946,US,624,iOS
298,True,45,13,7.974364168157292,B,111.64109835420209,188.91602706030957,US,625,iOS
275,False,53,15,6.020790359482837,B,96.3326457517254,164.04778230832616,EU,626,iOS
293,True,43,3,30.993704639202814,B,123.97481855681126,185.3535710644146,EU,627,Android
237,False,25,11,10.815266432769853,B,129.78319719323824,163.23225880090231,US,628,iOS
217,False,45,14,10.867608572738023,B,163.01412859107035,181.62638956167564,Asia,629,Android
259,False,45,8,8.20457020545842,B,73.84113184912579,157.65893812131512,EU,630,Android
264,False,54,18,9.312926853828403,B,176.94561022273965,213.12290130812897,Asia,631,Android
265,False,58,19,6.147187362273617,B,122.94374724547234,184.4641454090593,EU,632,Android
211,False,53,16,6.725870927157797,B,114.33980576168256,148.50361229368826,EU,633,PC
250,False,44,2,31.870886663891543,B,95.61265999167463,149.50034719449366,US,634,Android
246,False,34,8,8.338287388921708,B,75.04458650029538,137.3213645797369,US,635,Android
264,False,26,6,22.048779812397324,B,154.34145868678127,197.7192196662806,Asia,636,iOS
201,True,50,12,10.026628842309917,B,130.3461749500289,148.63706075262107,US,637,PC
284,True,37,15,5.420078200517892,B,86.72125120828628,160.5997986429229,Asia,638,iOS
230,False,30,8,9.617497699329366,B,86.55747929396429,141.00268414652209,EU,639,iOS
278,False,45,4,23.450977924543178,B,117.2548896227159,174.94830724331305,US,640,iOS
287,False,46,15,11.338043050578785,B,181.40868880926055,213.0267981989322,US,641,Android
221,True,30,20,5.69967032173165,B,119.69307675636465,161.66411454486757,US,642,iOS
296,False,52,17,4.438856972234478,B,79.8994255002206,166.56901252455518,Asia,643,iOS
265,False,23,13,8.5811587106607,B,120.1362219492498,181.9768825077005,US,644,iOS
217,True,35,18,6.277518198319714,B,119.27284576807456,152.81157871458254,US,645,iOS
257,False,22,2,13.899875808623236,B,41.69962742586971,131.6193901707592,US,646,Android
220,False,42,13,9.018754590816428,B,126.26256427143,171.4040595352924,US,647,Android
222,False,19,13,8.615006788094451,B,120.61009503332232,162.47713068117767,US,648,iOS
272,False,27,15,9.392412729626837,B,150.2786036740294,195.91748073218437,US,649,Android
272,False,47,20,8.91269500182148,B,187.16659503825105,221.82536027049684,Asia,650,Android
284,True,22,10,14.91364372232075,B,164.05008094552824,208.74111162083906,US,651,iOS
218,False,50,3,29.848890475561355,B,119.39556190224542,154.71591935295348,US,652,iOS
294,False,18,19,4.629558546013328,B,92.59117092026656,176.57100449967658,US,653,PC
293,False,35,3,52.58687842599889,B,210.34751370399556,242.71325662346135,US,654,Android
261,False,49,14,8.659665992564241,B,129.8949898884636,188.36247220032834,Asia,655,iOS
245,False,28,8,14.271748593468253,B,128.44573734121428,172.85532745851074,EU,656,Android
205,False,38,4,25.445599442495975,B,127.22799721247988,156.6309254241379,US,657,iOS
228,True,43,20,6.397081540217683,B,134.33871234457135,168.97067243058544,EU,658,Android
297,False,42,11,10.28170556820282,B,123.38046681843385,187.2273628976243,US,659,iOS
262,False,39,11,9.136901314986037,B,109.64281577983245,174.65781396098242,US,660,iOS
229,False,44,11,9.208376156692287,B,110.50051388030744,168.82886665125523,Asia,661,iOS
208,False,30,2,42.317298451029345,B,126.95189535308803,157.4600010190221,EU,662,PC
233,True,50,17,6.1450226290955285,B,110.61040732371951,156.1637646758567,Asia,663,Android
247,False,51,9,10.518893495433073,B,105.18893495433072,158.18674355406299,US,664,iOS
229,False,58,2,43.80192242871357,B,131.4057672861407,167.0447942336825,EU,665,iOS
205,False,52,15,7.49004556515829,B,119.84072904253264,162.15335585672358,US,666,Android
285,False,18,16,10.360457390273297,B,176.12777563464604,216.08426278198817,US,667,iOS
226,False,38,4,8.633793226284723,B,43.168966131423616,113.37504567440648,Asia,668,iOS
266,True,23,8,18.10313547350209,B,162.9282192615188,197.9551602961564,US,669,PC
246,False,45,9,16.787472615992414,B,167.87472615992414,200.59307956526985,Asia,670,iOS
249,True,34,5,10.275252093823203,B,61.65151256293922,136.2547597270086,EU,671,Android
260,False,22,16,6.884352764084049,B,117.03399698942884,168.5345043146445,US,672,PC
258,True,48,13,8.293849449152477,B,116.11389228813468,168.4041873862904,EU,673,iOS
205,True,22,7,10.369953221128714,B,82.95962576902971,139.4404423140956,EU,674,iOS
205,False,55,20,4.909993618909143,B,103.109865997092,144.02945837959905,US,675,iOS
283,False,20,17,5.136754052505193,B,92.46157294509348,169.18537074429258,Asia,676,PC
241,False,40,3,46.01816354738898,B,184.07265418955592,207.37186163886383,EU,677,PC
213,False,54,5,26.32361809678646,B,157.94170858071877,186.93815208948715,US,678,Android
290,False,54,19,8.434488151990653,B,168.68976303981307,211.9877860122843,EU,679,iOS
266,False,27,12,11.622577388414118,B,151.09350604938354,195.07412602874786,Asia,680,Android
281,False,27,7,11.483792915131085,B,91.87034332104868,166.67737995931665,US,681,PC
235,True,36,9,11.121535147904725,B,111.21535147904724,152.1233317609797,Asia,682,Android
294,False,34,6,20.522855137041912,B,143.65998595929338,199.21528399266933,US,683,PC
233,False,38,17,4.9384394508587635,B,88.89191011545775,151.76852020567932,EU,684,PC
274,False,31,16,8.871526456795083,B,150.81594976551642,203.89063734096044,EU,685,Android
269,True,26,3,30.07739681473492,B,120.30958725893969,184.47108673087396,US,686,Android
272,True,18,4,23.201146831682575,B,116.00573415841288,175.45798938239074,US,687,iOS
222,True,30,10,13.704610816591975,B,150.75071898251173,176.92195518891285,EU,688,iOS
248,False,21,5,23.70273766125888,B,142.21642596755328,175.5895281053418,US,689,Android
283,False,18,10,10.586280244889949,B,116.44908269378944,187.7291223278552,EU,690,iOS
248,True,57,12,12.699888746742763,B,165.09855370765592,203.74239356842403,US,691,PC
246,False,49,10,8.491452137891208,B,93.40597351680329,159.86318894276002,Asia,692,PC
275,False,51,13,10.550709958729746,B,147.70993942221645,206.64641992071606,EU,693,Android
283,False,45,11,12.248270021249022,B,146.97924025498827,203.4980871204425,Asia,694,iOS
209,False,48,16,6.946736114232489,B,118.09451394195231,162.24111754790485,US,695,iOS
266,True,25,8,15.381806301305309,B,138.43625671174777,188.45938098125927,EU,696,iOS
232,False,56,8,9.773818395074478,B,87.9643655556703,136.7435675083744,EU,697,Android
248,False,43,8,17.50765162384676,B,157.56886461462082,198.04494215497309,US,698,Android
228,False,51,13,8.720223688130313,B,122.08313163382437,155.43043335025112,US,699,PC
266,False,20,2,37.09095444779691,B,111.27286334339074,174.0147282535013,US,700,Android
251,True,29,12,12.428330402060036,B,161.56829522678046,202.11759614668955,EU,701,PC
245,False,18,10,9.587363809330157,B,105.46100190263172,162.897895121755,EU,702,PC
244,True,22,12,6.379172193566623,B,82.9292385163661,158.74875846273105,US,703,iOS
262,False,47,11,6.51565553726959,B,78.18786644723508,141.88307489760615,EU,704,PC
261,False,47,15,9.21201990269128,B,147.39231844306047,192.4210877031567,US,705,iOS
277,True,34,16,5.11919180706582,B,87.02626072011894,163.10303375833467,US,706,iOS
200,False,40,17,10.230745212416648,B,184.15341382349968,183.77153421318772,Asia,707,Android
264,True,32,2,20.4594196492403,B,61.378258947720894,136.65829141501112,Asia,708,iOS
217,False,54,18,9.594031778172694,B,182.2866037852812,191.94631921703572,EU,709,Android
256,False,38,12,10.365581457729522,B,134.7525589504838,177.753298900044,US,710,Android
221,False,31,19,6.245259021007373,B,124.90518042014745,162.80313500126914,EU,711,Android
229,False,19,18,5.8190836432691375,B,110.56258922211362,154.92272903250736,US,712,iOS
209,False,28,17,7.820686425514793,B,140.77235565926628,169.65295531603817,US,713,Android
265,False,56,6,18.113669931772122,B,126.79568952240486,185.32456604445824,US,714,Android
282,False,55,15,10.206603764033042,B,163.30566022452868,213.69229093331168,EU,715,Android
235,False,51,3,32.913821189296314,B,131.65528475718526,170.94253962838735,EU,716,Android
227,True,55,6,18.972808052397152,B,132.80965636678008,171.90817196739042,US,717,iOS
219,False,51,3,29.09110230228915,B,116.3644092091566,162.59429010637763,EU,718,Android
223,True,35,1,63.08887002046292,B,126.17774004092584,167.13446693094295,Asia,719,iOS
220,False,47,13,9.846404043181849,B,137.84965660454588,180.00468243494464,US,720,Android
246,True,32,14,4.884974095665865,B,73.27461143498797,147.27566179482625,EU,721,Android
277,True,44,13,6.06129046375837,B,84.85806649261718,170.30687525881262,Asia,722,Android
291,False,51,4,30.356890201745376,B,151.78445100872688,195.00895496558581,US,723,Android
215,False,55,7,16.683461752511768,B,133.46769402009414,166.56399701775766,US,724,PC
284,False,50,10,11.101139385155845,B,122.11253323671428,185.2478574372675,EU,725,PC
229,True,41,7,16.07373573226157,B,128.58988585809257,168.12903286328446,EU,726,PC
253,False,32,15,8.695163410723342,B,139.12261457157348,180.6487716424234,Asia,727,PC
242,False,47,15,6.920480639381277,B,110.72769023010044,165.2176111399812,US,728,iOS
292,False,59,4,20.618849757425203,B,103.094248787126,169.61476711018855,Asia,729,iOS
214,True,34,6,19.181006880446546,B,134.26704816312582,168.17741321223195,US,730,Android
261,False,22,20,4.604384338872332,B,96.69207111631896,158.5566865688887,US,731,iOS
286,True,46,5,23.510681363810516,B,141.0640881828631,196.5365224591157,EU,732,Android
261,False,21,20,3.500824984018529,B,73.51732466438911,150.70290364646215,US,733,iOS
261,False,27,12,12.379460030340047,B,160.9329803944206,201.35367687598404,US,734,Android
226,False,34,1,71.56155971860869,B,143.12311943721738,181.5434762193627,US,735,Android
275,False,27,8,15.132550166449334,B,136.192951498044,186.86825336959646,US,736,Android
220,False,34,1,79.72305574312823,B,159.44611148625646,183.26413863066824,US,737,Android
282,False,37,5,30.21586370380041,B,181.29518222280245,226.02097491873724,Asia,738,PC
252,False,41,6,22.922834582940027,B,160.4598420805802,198.88190396710513,US,739,Android
202,False,22,3,17.273006149346838,B,69.09202459738735,124.38318602574641,EU,740,PC
231,False,51,15,5.4408460665285965,B,87.05353706445754,150.17233653059068,EU,741,iOS
205,False,23,5,18.000967585623048,B,108.00580551373828,144.77227106389532,Asia,742,PC
216,False,19,14,8.588994240449779,B,128.83491360674668,160.61679377843666,US,743,Android
273,False,30,18,7.608688876579576,B,144.56508865501195,198.81857537766885,Asia,744,iOS
275,False,28,16,6.1633057634758295,B,104.7761979790891,172.11856135739802,EU,745,iOS
220,False,40,6,19.139505209038074,B,133.9765364632665,173.99693971644848,EU,746,Android
217,True,33,14,6.921849744312912,B,103.82774616469368,150.94551488439149,EU,747,iOS
280,False,48,8,12.047936700473073,B,108.43143030425766,173.94210478110327,Asia,748,iOS
265,False,28,7,10.37335561260711,B,82.98684490085688,157.48402707456984,US,749,Android
205,True,33,8,10.939615124939007,B,98.45653612445106,136.56042335355795,EU,750,Android
273,True,25,13,6.053292330019809,B,84.74609262027732,164.78229791395168,EU,751,Android
218,False,21,6,13.824579414960766,B,96.77205590472536,138.27747201009447,EU,752,PC
207,False,57,18,8.511396710076362,B,161.71653749145088,185.94024886585143,Asia,753,Android
221,False,21,2,32.539745185792604,B,97.61923555737782,148.57592389034957,US,754,Android
233,True,42,8,23.58180289719961,B,212.2362260747965,219.7189307967645,Asia,755,iOS
223,False,20,11,11.982181069015704,B,143.78617282818846,179.28837445158246,US,756,Android
266,True,49,1,66.95737797911798,B,133.91475595823596,189.30548679575332,US,757,iOS
251,False,20,6,14.36179300488588,B,100.53255103420116,167.371439048811,US,758,PC
276,True,44,16,8.847642125946336,B,150.4099161410877,207.25125837641997,US,759,PC
272,True,46,20,5.218075693351964,B,109.57958956039124,176.3092059570662,EU,760,Android
281,True,49,12,10.14648569758858,B,131.90431406865156,187.18373500098306,US,761,iOS
202,False,36,11,17.493558768716785,B,209.92270522460143,204.04607813252966,US,762,PC
292,True,38,10,11.356916655346474,B,124.9260832088112,191.3974154962285,Asia,763,Android
293,False,22,3,41.19418661028541,B,164.77674644114165,221.47465633666047,Asia,764,iOS
284,False,35,13,7.535596742569401,B,105.4983543959716,174.61708033089562,Asia,765,iOS
236,False,45,3,31.72009207602431,B,126.88036830409725,168.66351838030766,Asia,766,Android
210,False,59,15,11.54160127127102,B,184.66562034033632,204.04112535053895,EU,767,iOS
227,False,39,16,6.34923847945832,B,107.93705415079144,155.04073993358622,US,768,PC
257,True,38,13,13.28559670399298,B,185.9983538559017,211.225352862208,US,769,Android
277,False,23,17,8.369336774143068,B,150.64806193457522,205.07206730271588,EU,770,iOS
260,True,18,3,27.50026579284586,B,110.00106317138344,169.71996648803216,US,771,PC
261,True,22,20,7.0589070309417465,B,148.23704764977668,186.3942327726982,EU,772,iOS
221,False,58,11,13.260145199004613,B,159.12174238805537,189.07761584687012,US,773,Android
228,False,29,19,7.3948959395475145,B,147.89791879095029,176.2035546710738,US,774,iOS
252,False,43,11,6.479400746958784,B,77.7528089635054,147.66961337005114,EU,775,iOS
276,False,51,16,6.160682963153188,B,104.7316103736042,172.89827065522576,EU,776,Android
218,False,31,3,30.01985091558796,B,120.07940366235184,160.39814806476042,EU,777,Android
274,True,43,6,17.94544718125693,B,125.61813026879852,174.01550779845581,EU,778,Android
298,True,44,14,9.857433808108112,B,147.86150712162168,206.24140687897682,US,779,Android
223,True,26,18,7.036128001571797,B,133.68643202986414,175.036044518497,US,780,Android
279,True,43,17,4.737165584515376,B,85.26898052127676,169.08861591222433,Asia,781,iOS
284,False,39,4,28.033266246438167,B,140.16633123219083,192.7433468311129,EU,782,iOS
265,False,47,15,9.221171490567647,B,147.53874384908235,199.12623752300848,US,783,PC
233,True,34,11,12.159441194482772,B,145.91329433379326,176.94082782814803,Asia,784,Android
221,False,43,3,40.64624580443697,B,162.5849832177479,184.07832863371232,US,785,Android
292,False,53,3,38.67137723639123,B,154.68550894556492,208.0013835350427,US,786,iOS
287,True,18,16,8.393750737371176,B,142.69376253531,200.96027606971305,US,787,iOS
243,True,25,5,20.959116205553883,B,125.7546972333233,177.6596506214483,EU,788,Android
258,True,52,10,6.804477284317116,B,74.84925012748828,149.4324727566385,EU,789,PC
276,True,32,19,7.087389150612135,B,141.7477830122427,194.8180110057264,US,790,Android
275,True,39,4,26.929201197843913,B,134.64600598921956,195.6241597587228,Asia,791,PC
208,False,31,19,6.834526139512597,B,136.69052279025195,161.2010067229826,US,792,Android
229,True,43,11,7.2620037978125085,B,87.1440455737501,143.50034012691034,US,793,iOS
248,False,45,2,31.135396902311868,B,93.4061907069356,160.22262056604902,US,794,Android
249,False,40,10,14.700081027877538,B,161.70089130665292,199.26706584294462,US,795,iOS
216,False,31,11,10.561186256382253,B,126.73423507658704,160.10902115872764,US,796,iOS
213,False,41,20,7.133715348377332,B,149.80802231592398,167.52002955655303,EU,797,PC
202,True,19,16,7.582716943304398,B,128.90618803617477,159.69800377567893,Asia,798,Android
225,False,43,19,6.447609823193193,B,128.95219646386386,159.47794186880336,EU,799,Android
266,False,31,11,13.168756815935993,B,158.0250817912319,200.15254225128334,US,800,iOS
264,True,24,14,7.432437913136269,B,111.48656869704404,178.38668321440977,US,801,iOS
287,True,20,2,43.69195495403716,B,131.07586486211147,196.42931214877615,US,802,iOS
253,False,40,5,18.86786512690644,B,113.20719076143864,159.00604456680236,US,803,iOS
219,False,35,5,19.016020120360984,B,114.0961207221659,157.05992995500114,EU,804,Android
277,False,55,19,5.905324602450176,B,118.10649204900352,180.06804565638913,US,805,iOS
212,False,52,12,10.392944668636831,B,135.1082806922788,159.49638141174003,EU,806,Android
222,False,32,18,5.930528637198353,B,112.68004410676872,158.08313294307175,Asia,807,iOS
260,True,42,4,33.63683920367053,B,168.18419601835268,202.45182836705794,US,808,iOS
278,False,54,17,5.520698129387549,B,99.37256632897588,168.39586960418805,Asia,809,iOS
276,True,45,10,11.092737035166955,B,122.02010738683651,184.23229002423554,EU,810,Android
204,True,27,20,5.425171720725067,B,113.9286061352264,146.82774102662842,EU,811,Android
300,False,56,6,24.900470328474206,B,174.30329229931945,225.06065454892448,EU,812,Android
268,False,34,14,8.95265018989136,B,134.2897528483704,184.80722726087257,US,813,Android
264,False,56,11,13.418252105249692,B,161.0190252629963,199.51910785468507,US,814,Android
296,False,39,11,6.705172338568075,B,80.4620680628169,171.64188968416778,US,815,iOS
215,False,43,18,7.1866109740955935,B,136.54560850781627,173.40072328659113,US,816,iOS
211,True,42,18,8.23516765578684,B,156.46818545994998,169.73764004025685,EU,817,PC
261,True,34,11,10.886090638067799,B,130.6330876568136,186.5152168133209,US,818,Android
284,True,30,12,12.468874769391634,B,162.09537200209124,217.85017822438527,Asia,819,iOS
216,False,37,5,18.57446159946468,B,111.44676959678807,161.05494584509074,EU,820,PC
277,False,42,9,17.309911808593856,B,173.09911808593856,217.26136948098872,US,821,Android
269,False,21,9,20.1564739955816,B,201.564739955816,223.2518546847701,US,822,iOS
200,False,27,10,10.580833278720993,B,116.38916606593092,152.98340384129625,Asia,823,Android
299,False,20,19,5.687195965758765,B,113.7439193151753,183.5000898130256,Asia,824,Android
286,True,58,1,87.25415163388321,B,174.50830326776642,217.3901561298766,EU,825,Android
283,True,35,7,22.31828858292285,B,178.5463086633828,222.24319598325377,US,826,iOS
255,False,53,4,22.253695826219083,B,111.26847913109542,164.73729074556357,US,827,iOS
266,False,39,1,57.27701092646628,B,114.55402185293256,169.40041157817063,US,828,Android
253,False,51,15,7.436430782278985,B,118.98289251646376,174.9186021023324,US,829,Android
247,True,25,8,9.441953738544791,B,84.97758364690313,159.12267120970347,EU,830,PC
205,False,57,12,7.58485674711582,B,98.60313771250566,147.3780542799007,EU,831,Android
289,False,36,18,5.045657655996518,B,95.86749546393384,176.6564282036108,EU,832,iOS
267,True,59,15,6.464404869791743,B,103.43047791666788,173.7542139279494,Asia,833,Android
254,False,58,17,7.049449089090166,B,126.890083603623,180.92264764808337,EU,834,iOS
229,False,54,14,9.032991429411245,B,135.49487144116867,175.14642401174817,US,835,Android
261,False,23,14,11.841067718003364,B,177.61601577005047,215.46269866002353,US,836,Android
298,True,43,18,5.0554037208609826,B,96.05267069635867,169.98978695754508,Asia,837,iOS
248,False,51,20,7.5951579405357466,B,159.49831675125068,195.89641654796498,US,838,Android
244,False,23,18,6.376439841304406,B,121.15235698478372,169.88667315965102,Asia,839,iOS
275,False,54,16,7.436303605360126,B,126.41716129112214,186.24481093039608,Asia,840,iOS
294,False,50,1,74.79711187466566,B,149.59422374933132,205.04967317586483,US,841,iOS
297,False,39,11,7.672741275833871,B,92.07289531000644,176.64617640987504,EU,842,iOS
289,False,38,15,8.764819492368101,B,140.23711187788962,195.65262707829575,Asia,843,PC
273,False,23,12,10.255882358678292,B,133.3264706628178,186.52660775073053,EU,844,Android
212,False,23,8,15.973160049806758,B,143.7584404482608,167.785664700696,Asia,845,iOS
254,True,21,20,6.535876028811913,B,137.25339660505017,188.27177114937945,Asia,846,Android
217,False,47,6,29.50994349673552,B,206.56960447714863,210.68314517024322,US,847,iOS
232,True,28,3,26.898080125989473,B,107.5923205039579,155.05123060339093,US,848,PC
261,False,47,13,7.929149817138702,B,111.00809743994184,169.13770998888418,Asia,849,Android
298,False,48,13,7.718535939600538,B,108.05950315440754,184.05510497604655,EU,850,Android
229,False,41,2,36.74157739562394,B,110.22473218687183,165.84571390647235,US,851,iOS
210,False,26,5,17.933935321031907,B,107.60361192619143,142.3795654739815,US,852,Android
236,False,20,17,9.224918277524536,B,166.04852899544164,197.40666738566392,EU,853,Android
276,True,48,6,24.779447990810763,B,173.45613593567535,216.83299325156025,Asia,854,PC
269,False,57,2,36.57870620000559,B,109.73611860001677,169.02684416777618,Asia,855,iOS
252,False,54,4,20.272924332132938,B,101.36462166066468,168.95313944717228,EU,856,iOS
232,True,53,11,11.923774817030411,B,143.08529780436493,181.34758093702234,US,857,PC
224,True,41,8,12.258762509223212,B,110.32886258300891,153.25865103365658,US,858,Android
200,False,48,12,11.404139859090488,B,148.25381816817634,159.6552242711745,Asia,859,iOS
290,False,23,8,14.943726296360179,B,134.4935366672416,197.84185617284055,US,860,iOS
295,False,19,11,6.624682360007381,B,79.49618832008858,165.47398506827324,US,861,PC
200,False,37,20,8.453341259169617,B,177.52016644256196,181.35853520920656,US,862,iOS
273,True,45,8,20.607565059895187,B,185.4680855390567,215.26277927275584,EU,863,Android
266,False,28,8,12.04341798938885,B,108.39076190449964,175.7770064782973,Asia,864,Android
215,False,21,17,6.42186389344714,B,115.59355008204852,145.57765551262412,US,865,iOS
266,False,32,20,6.530842500152237,B,137.14769250319696,190.26002927728337,US,866,Android
200,False,23,20,6.604886537123086,B,138.7026172795848,162.28438549119656,EU,867,iOS
248,False,47,16,8.769024513266503,B,149.07341672553056,191.12982417708554,Asia,868,iOS
283,False,55,14,12.821769682701547,B,192.3265452405232,227.12440209501293,US,869,Android
226,False,19,11,10.1948073933492,B,122.3376887201904,165.26898805841583,US,870,PC
288,True,32,7,12.806811021846185,B,102.45448817476948,172.95881868221815,US,871,Android
240,False,28,16,4.933046159031479,B,83.86178470353514,146.07104624125424,Asia,872,Android
252,False,25,13,7.472159908704185,B,104.6102387218586,166.01156262386888,US,873,iOS
246,False,43,15,7.933746054252405,B,126.93993686803849,175.31832147720044,US,874,iOS
213,True,22,16,10.907403037209953,B,185.4258516325692,198.35704519154925,EU,875,iOS
219,False,23,9,11.143643843084252,B,111.43643843084251,149.8222565612473,EU,876,iOS
254,True,43,3,33.790303613111185,B,135.16121445244474,179.7433558620426,US,877,iOS
283,False,21,19,6.373723366283597,B,127.47446732567194,186.81798119932344,Asia,878,iOS
274,False,36,20,7.906123083349462,B,166.0285847503387,207.83470207226944,US,879,iOS
232,False,37,5,34.81030627132598,B,208.86183762795588,224.91001692486267,EU,880,iOS
233,True,50,10,10.092018115140887,B,111.01219926654974,158.03642578225134,US,881,Android
268,False,37,17,6.240996546634272,B,112.3379378394169,168.88496540482265,EU,882,PC
254,False,29,15,10.088321754138144,B,161.4131480662103,201.15611727897917,US,883,iOS
272,False,18,8,16.646725296449105,B,149.82052766804196,205.42553375799758,Asia,884,PC
246,False,43,15,11.693414651472068,B,187.0946344235531,204.3507213948703,EU,885,PC
278,False,31,14,9.779046795362056,B,146.68570193043084,209.07547493184896,EU,886,iOS
235,False,55,20,5.547745385467338,B,116.5026530948141,165.9774748685038,EU,887,Android
287,True,54,7,18.362619322769238,B,146.9009545821539,208.1100266946343,EU,888,Android
250,True,28,12,12.575270352204083,B,163.47851457865306,205.42246692240843,US,889,Android
296,False,53,17,8.569746099906425,B,154.25542979831565,215.8163460925281,US,890,iOS
226,False,30,17,8.012931610857418,B,144.23276899543353,176.38698341222172,Asia,891,Android
252,False,20,10,14.73941727880481,B,162.13359006685292,204.16864476106886,US,892,iOS
270,True,50,19,8.270872944713076,B,165.41745889426153,208.5234741859115,EU,893,Android
300,True,23,14,11.481939180880058,B,172.22908771320087,228.78987625245873,Asia,894,Android
271,False,27,11,12.396559700239047,B,148.75871640286857,203.65460726062457,US,895,Android
261,True,22,2,40.884073809953556,B,122.65222142986066,172.53684990805257,EU,896,Android
222,False,40,18,6.983938840308754,B,132.69483796586633,172.38840843940483,US,897,Android
247,True,27,7,20.82603586603343,B,166.60828692826743,197.85551256439362,EU,898,iOS
271,False,19,12,7.835235271416034,B,101.85805852840843,170.20578830096514,US,899,iOS
271,False,30,2,46.59918196131094,B,139.79754588393283,192.91399127457368,US,900,PC
261,True,57,20,5.4958646669297355,B,115.41315800552444,174.08274589119145,EU,901,iOS
232,False,19,18,6.785254438627061,B,128.91983433391417,177.7695271614937,Asia,902,iOS
239,True,37,6,24.130065657633367,B,168.91045960343357,190.11403762758982,EU,903,iOS
273,False,18,10,12.192288197876081,B,134.1151701766369,181.05738532163318,EU,904,iOS
244,False,54,20,6.165998549571275,B,129.48596954099676,165.6251313662702,US,905,PC
299,False,26,15,5.280287718040162,B,84.48460348864259,175.63648341286512,EU,906,Android
290,False,34,5,25.313352352145177,B,151.88011411287107,203.26088100838433,US,907,PC
250,False,26,20,7.078833037929257,B,148.6554937965144,189.85422862548307,Asia,908,Android
294,True,28,3,49.30603778644369,B,197.22415114577475,235.36090506684195,Asia,909,Android
217,True,32,5,19.69184941358399,B,118.15109648150396,153.25878218570247,EU,910,iOS
284,False,41,8,15.00142338724956,B,135.01281048524604,198.8650724789261,Asia,911,Android
215,False,55,8,15.108919764304908,B,135.98027787874418,166.9508518861596,US,912,iOS
295,False,52,8,19.830944994714578,B,178.4785049524312,223.8984275862668,EU,913,PC
229,False,47,12,9.61158022797058,B,124.95054296361754,167.73468231687175,US,914,PC
257,False,48,8,15.21429875829454,B,136.92868882465086,188.5610737189816,Asia,915,iOS
300,False,22,11,12.287724025910771,B,147.45268831092926,203.6767317688853,US,916,PC
289,False,31,14,8.931432796066897,B,133.97149194100345,200.3474869012685,EU,917,PC
220,False,28,8,12.634902703820345,B,113.7141243343831,163.4777421994966,Asia,918,Android
212,False,26,10,12.200989070249621,B,134.21087977274584,158.19591601984166,US,919,iOS
227,True,51,7,20.29452699943909,B,162.3562159955127,189.6052244929468,US,920,Android
265,True,29,17,5.286195023269227,B,95.15151041884609,161.566295189521,EU,921,Android
251,True,52,4,26.45100591454001,B,132.25502957270004,183.24917064722072,US,922,iOS
300,True,52,13,7.542580994424747,B,105.59613392194646,177.27438429053362,US,923,iOS
243,False,18,4,33.24829842511899,B,166.24149212559496,205.08958640357486,US,924,Android
270,False,57,5,13.2096698411532,B,79.2580190469192,147.51533739600617,US,925,iOS
278,False,39,4,22.022900177461835,B,110.11450088730918,176.04729583350283,Asia,926,Android
289,False,46,18,7.372146315898141,B,140.07078000206468,201.8139483812156,EU,927,PC
287,False,25,6,25.442395562214127,B,178.0967689354989,218.22637712662524,US,928,PC
290,True,28,2,41.965330548554796,B,125.8959916456644,187.32058724511344,US,929,iOS
206,True,58,11,9.186134595484804,B,110.23361514581764,149.6513472706432,US,930,PC
220,True,54,14,12.546468414806592,B,188.19702622209888,201.30701533321474,US,931,iOS
249,False,31,5,13.610592531113364,B,81.66355518668018,148.62782395908388,US,932,iOS
281,True,47,6,8.234029912593911,B,57.63820938815738,151.27636819022254,US,933,Android
200,True,52,10,12.916405672882421,B,142.08046240170663,163.27591397388386,US,934,iOS
211,False,38,8,12.437140535635159,B,111.93426482071644,153.1585221414049,EU,935,iOS
218,False,54,14,6.354703323454478,B,95.32054985181718,141.85931586971125,US,936,Android
260,True,22,3,37.66685157839483,B,150.6674063135793,190.15379635900055,EU,937,iOS
276,False,36,12,10.446278680052181,B,135.80162284067836,190.45718056195696,EU,938,iOS
255,False,31,16,6.467616695083804,B,109.94948381642467,165.47586435388664,EU,939,Android
211,False,43,17,4.835014402362854,B,87.03025924253137,134.37413653970492,EU,940,Android
208,False,21,1,77.95931725248232,B,155.91863450496464,182.5778177919896,EU,941,Android
233,True,42,10,13.527857972243378,B,148.80643769467716,181.2133453466285,Asia,942,iOS
228,True,59,10,11.347852032641796,B,124.82637235905976,162.78129005403653,EU,943,Android
247,False,42,2,62.36412795784177,B,187.0923838735253,211.19582419435517,EU,944,iOS
210,False,35,9,9.375728747756312,B,93.75728747756312,140.7755121821799,Asia,945,iOS
277,False,57,13,5.65594246645774,B,79.18319453040836,152.37551057027468,EU,946,Android
204,False,25,16,6.226996574341186,B,105.85894176380016,143.6233336986609,US,947,iOS
292,False,56,18,6.6600656566644245,B,126.54124747662406,191.03132686548145,US,948,iOS
249,False,57,19,6.789343118916307,B,135.78686237832613,180.21139605845335,US,949,Android
251,False,31,12,9.252342011430573,B,120.28044614859743,176.1959095543484,Asia,950,Android
278,False,49,8,15.473974743161945,B,139.2657726884575,195.44282296888892,EU,951,Android
283,True,55,17,4.886152134772544,B,87.9507384259058,172.11012979247013,Asia,952,iOS
266,False,50,15,10.88752920814652,B,174.2004673303443,210.86197861876252,EU,953,iOS
236,True,40,10,11.39737839013071,B,125.3711622914378,178.503133776763,US,954,iOS
291,True,32,15,10.234591663176255,B,163.75346661082008,212.3482048978338,US,955,iOS
276,False,50,15,8.685450692755408,B,138.96721108408653,189.9325147446263,EU,956,Android
207,True,42,7,17.827012876615136,B,142.6161030129211,171.10617518163752,EU,957,PC
299,True,34,13,10.445182354816467,B,146.23255296743054,214.15994146778343,Asia,958,Android
222,True,50,17,7.9070374400307815,B,142.32667392055407,167.30198782940633,US,959,Android
281,False,19,9,14.856712831576141,B,148.5671283157614,200.5553237483853,EU,960,Android
263,False,31,8,18.94809788491531,B,170.5328809642378,204.46581885311332,EU,961,Android
256,False,57,20,6.394698925259384,B,134.28867743044705,183.68746152322865,EU,962,iOS
201,True,57,18,7.930953696991178,B,150.68812024283238,170.86296176319647,EU,963,Android
225,False,56,13,8.937746984486338,B,125.12845778280874,171.80398090782387,EU,964,Android
284,False,23,16,10.240220640846065,B,174.08375089438312,217.50822657225595,US,965,iOS
266,False,23,9,10.635544633410337,B,106.35544633410336,177.08718829531315,EU,966,iOS
236,False,20,12,14.279237988703546,B,185.6300938531461,204.20255463179424,EU,967,PC
224,True,24,12,9.747303506106231,B,126.714945579381,170.26137672315468,Asia,968,iOS
204,False,25,6,11.74502810460321,B,82.21519673222247,132.0724331800171,Asia,969,iOS
300,False,59,19,6.604967063857262,B,132.09934127714524,207.90903175970436,US,970,Android
276,False,32,7,13.275793370100475,B,106.2063469608038,166.73873386241013,US,971,Android
265,False,46,3,38.72514839190979,B,154.90059356763916,193.1210675517844,Asia,972,Android
266,False,50,16,6.300943097783734,B,107.11603266232348,179.82773102068603,EU,973,Android
289,False,47,18,5.9853752703751075,B,113.72213013712704,180.16695261484446,Asia,974,iOS
229,False,56,16,3.972629212337824,B,67.53469660974301,128.77180117546652,US,975,Android
278,False,44,7,14.190774723003695,B,113.52619778402956,174.93710074291846,EU,976,iOS
221,False,53,4,10.087172309574678,B,50.43586154787339,124.40374671139266,Asia,977,PC
286,True,46,8,8.590567738717429,B,77.31510964845685,154.5217777229485,Asia,978,Android
204,False,55,13,10.88094778547268,B,152.3332689966175,173.11221345935883,US,979,iOS
246,False,50,13,10.938971791201903,B,153.14560507682663,188.9592539371933,EU,980,iOS
230,False,54,17,7.867480109839938,B,141.61464197711888,182.15136310379347,EU,981,iOS
283,True,44,17,5.392042412214732,B,97.05676341986518,168.6156447402609,US,982,iOS
200,False,50,5,21.078872767242775,B,126.47323660345664,157.96030485764035,EU,983,iOS
220,False,21,6,18.26924553558597,B,127.8847187491018,158.87475038257472,EU,984,Android
211,False,39,19,4.546616497291932,B,90.93232994583865,150.32910316088922,Asia,985,Android
235,False,19,13,12.579196118324916,B,176.10874565654882,198.46728577066074,US,986,iOS
299,False,27,14,10.4050395532281,B,156.0755932984215,213.28917340347974,US,987,iOS
251,True,22,4,24.18582928749015,B,120.92914643745075,181.23125965672318,US,988,iOS
245,False,27,7,16.107543355978127,B,128.860346847825,172.38284423716897,US,989,PC
285,True,50,8,14.963138872702409,B,134.6682498543217,203.1378616272861,US,990,iOS
250,True,55,13,4.4760345864587645,B,62.6644842104227,135.54133465556382,EU,991,Android
251,False,30,6,17.1557605370487,B,120.0903237593409,175.81268517471082,US,992,PC
275,False,48,6,15.16807200915292,B,106.17650406407044,170.84249423764575,Asia,993,Android
225,False,53,3,23.987039920840676,B,95.9481596833627,140.78871358429396,Asia,994,PC
266,False,41,3,29.75119765691236,B,119.00479062764944,179.87584612929274,EU,995,iOS
201,False,32,13,13.251854918513198,B,185.52596885918476,194.9150983204285,Asia,996,PC
294,False,46,2,49.502323853514774,B,148.50697156054432,200.1247542246954,EU,997,iOS
290,True,25,16,6.45425131335003,B,109.7222723269505,180.29807180162672,EU,998,iOS
208,False,22,6,20.90323557191387,B,146.3226490033971,176.99738420972278,US,999,Android
