dept,treatment,success,age_group,income
B_easy,0,1,middle,41091.08971800214
A_hard,1,0,young,50880.399165898685
B_easy,0,1,middle,61715.23664730894
A_hard,1,0,young,50656.98726466541
A_hard,1,0,young,52073.77211768831
B_easy,0,1,middle,45994.938233731475
B_easy,0,1,middle,45367.07731477888
B_easy,0,1,old,70723.90701150603
A_hard,1,0,middle,35559.83084153405
A_hard,1,0,old,3747.7726199227764
A_hard,1,0,middle,54731.32946825797
B_easy,0,1,middle,44456.08067896847
A_hard,1,1,young,52007.0381685788
B_easy,0,1,middle,80892.32773975455
A_hard,1,0,young,45251.43685892921
A_hard,1,0,young,59936.48747495296
A_hard,1,0,young,47306.96520804303
A_hard,1,0,old,68811.4399221172
B_easy,0,1,middle,44068.39336864341
A_hard,1,0,old,44876.77529375265
B_easy,0,1,old,70097.42407562201
A_hard,1,0,old,42143.82364484932
B_easy,0,1,young,77283.28494979005
B_easy,0,0,old,53519.40690733829
B_easy,0,1,old,91040.56727443333
A_hard,1,1,old,76832.96256408367
A_hard,1,0,young,49231.079943409495
A_hard,1,0,young,53289.01770531925
A_hard,1,0,old,62875.07153436956
A_hard,1,1,young,27192.0390154895
B_easy,0,1,young,40319.99978133314
B_easy,0,1,middle,78846.28370786452
A_hard,1,0,young,49109.82709309499
A_hard,1,0,young,41602.42131030316
A_hard,1,0,old,45166.84954321742
A_hard,1,0,old,9209.377914538964
A_hard,1,0,old,42141.565283144984
A_hard,1,1,young,33704.29891210164
A_hard,1,0,young,58771.074504226235
A_hard,1,1,middle,59925.46167576009
A_hard,1,0,middle,53650.20351194865
B_easy,0,1,young,65931.87973198712
B_easy,0,1,middle,37539.798769195986
A_hard,1,1,old,53859.64619995312
B_easy,0,1,middle,69440.96918285076
B_easy,0,1,young,78677.88980653095
A_hard,1,0,young,76773.14718645296
A_hard,1,0,young,19611.58989642587
A_hard,1,0,young,39172.8476157268
A_hard,1,0,middle,33866.000442635326
A_hard,0,1,middle,47587.60782577611
A_hard,1,0,middle,45201.02787327058
B_easy,0,1,old,56488.76890379781
A_hard,1,0,young,60414.0654210176
B_easy,0,1,young,43478.78683228824
B_easy,0,1,young,44383.1779891109
A_hard,0,0,young,29636.620933529368
A_hard,1,1,middle,39595.0861886102
A_hard,1,0,old,26571.146761322307
A_hard,1,1,old,44271.42766801094
A_hard,1,1,middle,42517.647080537
A_hard,1,0,middle,33202.2732900138
A_hard,0,0,young,58106.493810842934
B_easy,0,1,middle,59107.492075698945
A_hard,1,0,young,60939.71046047706
A_hard,1,1,old,42074.25223193352
A_hard,1,0,middle,44637.07667652968
A_hard,0,0,young,36558.26392977434
A_hard,1,1,young,44894.301891967734
A_hard,1,0,young,55683.4695919807
A_hard,1,0,old,38829.98651594553
A_hard,1,0,young,52776.179438019964
B_easy,0,1,young,47808.795584313884
A_hard,1,0,young,56385.758482833146
A_hard,1,0,old,36301.41259032109
A_hard,1,0,middle,57775.19809843576
A_hard,0,0,middle,45914.64813650498
A_hard,1,0,young,67814.30600086595
A_hard,1,0,young,27688.984106186865
B_easy,0,1,old,37857.34840032198
A_hard,1,0,young,35756.741310366495
A_hard,1,0,young,24230.835779485304
B_easy,0,1,middle,39258.97658357584
A_hard,1,0,young,54323.261406898135
A_hard,1,0,young,44937.31809881012
A_hard,1,1,old,37804.78534943612
B_easy,1,1,middle,54195.56104041852
A_hard,1,0,young,36041.43503510491
A_hard,1,0,young,69755.53751728566
A_hard,1,0,middle,33967.41438535445
A_hard,1,0,young,25167.99152875051
A_hard,1,1,young,56940.759262294916
A_hard,1,1,middle,41763.665649782684
A_hard,1,0,middle,75581.60533226829
A_hard,1,0,old,37106.91541808797
A_hard,1,0,young,57689.76269635188
A_hard,1,0,young,61232.95995898958
A_hard,1,0,middle,37179.96251696994
A_hard,1,0,middle,33856.188481364465
B_easy,0,0,young,71120.49796396357
B_easy,0,1,middle,68623.37876870896
A_hard,1,0,young,23840.848489336102
A_hard,1,0,old,28073.465455429192
B_easy,0,1,old,21953.549925779924
B_easy,0,0,middle,68930.80280968203
B_easy,0,1,old,56072.59210296382
A_hard,1,0,old,42567.74368537077
A_hard,0,0,young,19628.3385344722
A_hard,1,1,young,28528.46470366011
B_easy,0,1,middle,52830.616311486505
A_hard,1,0,young,34915.11599778269
A_hard,1,1,young,46767.54113276447
A_hard,1,1,young,53752.02189947721
A_hard,1,0,old,79044.18853927797
A_hard,1,1,middle,44699.74454953612
B_easy,0,1,middle,76731.03994645418
B_easy,0,1,young,47550.40834530338
B_easy,0,0,young,34875.80527536966
A_hard,1,0,old,39715.47529934813
A_hard,1,0,young,21034.174231886376
A_hard,1,1,young,45220.09750753655
A_hard,1,1,young,33293.18813237002
A_hard,1,1,middle,15685.929198681217
A_hard,1,0,young,71040.37718790266
A_hard,1,1,young,36936.5743034193
A_hard,1,0,young,20435.71045583703
A_hard,1,0,young,58472.57685760935
A_hard,1,0,young,34070.784561910725
A_hard,1,1,middle,61352.490505359936
A_hard,1,1,young,33999.08497982926
A_hard,1,0,young,36886.53464605804
B_easy,0,1,middle,65172.475642155696
A_hard,1,0,middle,53898.290710561654
A_hard,1,0,young,56527.25606010898
A_hard,1,0,young,43653.882919060066
A_hard,1,0,young,52929.250823318755
B_easy,1,1,old,71184.4291038513
A_hard,1,1,young,48008.53707850275
B_easy,0,1,young,57860.128301035555
A_hard,1,1,middle,23320.57577653305
A_hard,1,0,young,53987.612351699834
A_hard,1,0,young,45632.60548711726
B_easy,0,1,young,53795.762214739385
A_hard,1,0,middle,64166.4954538749
A_hard,1,0,middle,23582.495506300264
A_hard,1,0,middle,69660.5447304733
A_hard,1,0,middle,44665.90082048302
A_hard,1,0,young,49762.77267754348
A_hard,1,0,old,39074.33828204594
A_hard,1,0,middle,19993.906312150048
B_easy,0,1,old,57905.851523013305
B_easy,0,1,middle,65021.173603391886
A_hard,1,0,young,55143.38169603891
A_hard,1,0,young,42029.50202341648
A_hard,1,0,middle,12111.90238193373
A_hard,1,0,young,21875.079831260617
A_hard,1,1,middle,75780.2943564494
A_hard,1,0,young,28611.960243418267
B_easy,0,1,young,81405.74187358812
B_easy,0,1,old,45988.698938736066
A_hard,1,0,middle,42263.16135408199
B_easy,0,1,middle,69378.12389399856
A_hard,1,1,young,32697.083301286897
A_hard,1,0,middle,68883.22703638581
A_hard,1,0,old,46135.92537102616
A_hard,1,0,middle,51912.762694495046
B_easy,0,1,middle,55985.894879713116
B_easy,0,1,middle,69880.80430525636
A_hard,1,0,young,68681.89109774794
B_easy,0,1,middle,58030.71093565178
A_hard,1,1,old,70945.69186123855
A_hard,1,0,middle,35826.06287431323
A_hard,1,1,young,56461.44059027565
B_easy,0,1,middle,67336.71504364575
A_hard,1,1,middle,28971.26890976446
A_hard,1,0,old,48207.14556955998
A_hard,1,0,middle,45110.48906775559
B_easy,0,0,young,47202.117355847324
B_easy,0,1,young,65370.036512911895
B_easy,0,1,middle,62194.34319162776
B_easy,1,1,young,58911.19579039175
B_easy,0,1,middle,58971.337964119724
A_hard,1,0,old,43649.84611614571
A_hard,1,0,middle,39484.50568130509
B_easy,0,0,young,62097.51142522472
A_hard,1,1,middle,35341.286814543295
A_hard,1,0,middle,84852.14237204999
A_hard,1,0,young,23860.001318020262
B_easy,0,1,middle,51228.958841483116
A_hard,1,0,middle,37413.86843134589
B_easy,0,1,old,90607.40121486806
A_hard,1,0,young,25197.98025033751
A_hard,1,0,young,51388.83446979165
B_easy,1,1,middle,63725.9109756981
A_hard,1,0,young,50004.03457011822
A_hard,1,0,middle,63545.14743916411
A_hard,1,0,middle,63237.44039620632
B_easy,0,0,young,53235.64760219824
A_hard,1,0,middle,47910.261742409864
A_hard,1,0,old,17038.46951771784
B_easy,1,1,middle,61486.39512782894
B_easy,0,1,middle,48090.15858252121
A_hard,1,0,middle,42204.26361059225
A_hard,1,0,young,19719.422027749577
A_hard,1,0,young,51073.08430078613
A_hard,1,1,middle,19551.469566365882
A_hard,1,0,young,47224.2691018738
A_hard,1,0,young,26602.41610466176
A_hard,1,0,young,32255.384472961727
A_hard,1,0,old,62320.98153817744
A_hard,1,0,young,53818.76918870433
A_hard,1,0,middle,62238.04706505814
A_hard,1,0,young,68395.90698751935
B_easy,0,1,middle,48407.419392903525
B_easy,0,1,young,82484.57493661308
B_easy,0,1,young,38017.41515731648
A_hard,1,0,middle,56191.50501817355
A_hard,1,0,middle,37599.93428100043
B_easy,0,0,young,46045.49786041025
A_hard,1,0,middle,54217.048009566635
A_hard,1,0,middle,59174.2728775382
A_hard,1,0,young,58729.02579969817
A_hard,1,0,middle,48222.89833342188
B_easy,0,1,young,61979.35951993859
A_hard,1,0,middle,52902.99878549854
B_easy,0,0,young,64556.46113275787
A_hard,1,0,middle,53120.33759378971
A_hard,1,0,young,48059.991916660714
A_hard,1,0,middle,57641.757367595455
A_hard,1,0,middle,20591.882901743582
A_hard,1,1,old,43030.897873704205
A_hard,1,0,middle,24242.30259231621
B_easy,0,1,old,64150.53026407327
A_hard,1,1,young,69628.95263780546
B_easy,0,1,young,52888.72827079547
B_easy,0,1,young,61908.78045445823
A_hard,1,0,middle,56347.300723824585
B_easy,0,0,middle,28984.15602350213
A_hard,1,0,old,37168.34276783718
A_hard,1,0,middle,50467.73488909275
B_easy,0,1,middle,16545.079115140878
B_easy,0,1,young,45347.87260387543
A_hard,1,0,young,61512.869600719336
A_hard,1,0,middle,60044.953506760874
A_hard,1,0,young,50614.773410551505
B_easy,0,1,young,73232.96459914767
A_hard,1,1,old,48226.563516321956
A_hard,1,0,old,53330.92361163472
A_hard,1,0,middle,40265.194367390795
A_hard,1,1,young,46737.19024383139
A_hard,1,0,old,35514.444203762665
B_easy,0,1,young,78952.25016273471
A_hard,1,0,middle,67823.39114253303
A_hard,1,0,young,65698.6920104561
A_hard,0,0,old,38878.368574832064
B_easy,0,1,old,45693.38940952369
B_easy,0,1,middle,79154.60491125245
A_hard,1,0,young,53158.60803887119
A_hard,1,1,middle,49928.76512285464
A_hard,1,0,young,35495.51872582281
A_hard,1,1,old,51384.957189551475
B_easy,1,1,young,43720.829105070974
A_hard,1,0,young,54510.93534118548
A_hard,1,1,middle,65683.30049409316
B_easy,0,1,middle,84465.68315861929
A_hard,1,0,old,55627.86081164724
A_hard,1,0,young,24269.676755683176
A_hard,1,1,old,47959.951964190324
A_hard,1,1,young,77095.2261608657
A_hard,1,1,young,31970.82614336574
A_hard,1,1,middle,44112.27640634675
A_hard,1,0,young,66202.86527701466
A_hard,1,1,middle,54257.00883110378
A_hard,1,1,young,82202.34486727657
A_hard,1,0,young,34006.95925157117
A_hard,1,0,middle,30153.663213887674
A_hard,1,0,young,63361.8815375276
A_hard,1,1,middle,27061.820575926962
B_easy,0,1,middle,57048.480167736954
B_easy,0,1,young,59015.301827106356
A_hard,0,0,middle,60539.84210078884
A_hard,1,0,young,54214.0195203787
A_hard,1,0,young,51855.973712652936
A_hard,1,0,young,38963.536831475
A_hard,1,1,old,63225.06028622914
A_hard,1,0,middle,105387.36064090897
A_hard,1,1,middle,55369.23148384374
A_hard,1,0,old,46495.08311320255
A_hard,1,1,young,25532.055435117592
A_hard,1,0,old,35437.778260242696
B_easy,0,1,middle,56794.34649079044
A_hard,1,0,old,36980.99639599301
B_easy,0,1,old,59758.83248209728
A_hard,1,0,old,71670.24115210932
B_easy,0,1,young,78707.50376053852
B_easy,0,1,middle,57617.50925297619
B_easy,0,1,old,41875.80083001209
B_easy,0,1,middle,80060.5146435362
B_easy,0,1,young,59264.18589807954
A_hard,1,0,old,19102.493615964675
B_easy,0,1,young,70686.45177739554
A_hard,1,0,middle,60385.30026350198
A_hard,1,1,middle,8611.373925979962
A_hard,1,0,young,32631.680368006448
B_easy,0,1,middle,58343.18983038429
A_hard,1,0,young,56017.66366962926
A_hard,1,0,middle,37263.80123063743
A_hard,1,0,old,32517.87147039095
A_hard,1,1,young,55907.538745204234
A_hard,1,0,middle,37975.16440028761
A_hard,1,0,young,53130.81975823046
A_hard,1,1,old,28327.265175381137
A_hard,1,0,old,24715.00471145402
A_hard,1,1,young,56329.03736355595
A_hard,1,0,middle,48787.79865475821
A_hard,1,0,middle,58836.83599854311
A_hard,1,1,middle,37011.104986178376
A_hard,1,1,middle,33073.42046280383
A_hard,1,1,middle,65410.78331311366
B_easy,0,1,middle,37155.61854008295
B_easy,1,1,young,78771.91063770937
A_hard,1,0,young,64807.57061223575
A_hard,1,0,old,57901.34271399113
A_hard,1,0,young,34682.88724484328
B_easy,0,1,middle,47752.14244911961
A_hard,0,0,young,41849.16340502701
B_easy,0,1,old,40574.404847529004
A_hard,1,0,middle,30574.59001869605
A_hard,1,1,middle,54671.01437263569
A_hard,1,1,young,54740.236713362356
B_easy,0,1,middle,44256.377601975655
A_hard,0,1,old,55141.82902950112
A_hard,1,0,middle,51814.54958609709
B_easy,0,1,middle,82648.29381865656
A_hard,1,1,middle,53537.046628012824
A_hard,1,0,young,60878.715806015665
A_hard,1,0,middle,52156.16386395317
B_easy,0,1,young,74698.93664545781
A_hard,1,0,young,25693.242651483375
B_easy,0,1,middle,58173.8331433363
A_hard,1,0,old,44415.258476587056
B_easy,0,1,old,56343.750795970765
B_easy,0,1,old,66658.29945475089
A_hard,1,0,middle,54515.69481743626
B_easy,0,1,young,65883.85615606722
B_easy,0,0,middle,57345.841781679934
B_easy,0,1,old,48964.04880232313
A_hard,1,1,middle,61457.79111234352
A_hard,1,0,middle,50245.99224920753
A_hard,1,1,middle,29720.792124008876
A_hard,1,0,middle,42094.68687525564
A_hard,1,0,old,18850.50483438958
A_hard,1,0,middle,45530.559215211644
A_hard,1,0,middle,42024.30086102106
A_hard,1,1,young,36382.99574466993
A_hard,1,0,middle,68769.00284705294
B_easy,0,0,young,42657.68820686832
B_easy,0,1,old,70595.89427523503
A_hard,1,0,middle,77800.6224139781
A_hard,1,0,middle,61159.018555750314
B_easy,0,1,young,59526.918268533496
A_hard,1,0,middle,27988.970408650086
A_hard,1,0,middle,24569.06735123317
A_hard,1,1,young,38826.72457563717
A_hard,1,0,old,34694.98899129138
A_hard,1,0,young,34206.79636562802
B_easy,1,1,middle,55105.29816793134
A_hard,1,0,young,43466.293606714695
A_hard,1,0,middle,52278.17921467945
B_easy,0,1,middle,41433.05670806357
B_easy,0,1,old,49766.34305800425
A_hard,1,0,young,42604.91875766278
A_hard,1,0,old,42067.722098650964
A_hard,1,0,middle,72546.35561120135
A_hard,1,0,young,48483.698890857864
A_hard,1,0,young,20796.152820608633
B_easy,0,1,young,66272.72042380147
A_hard,1,0,old,53184.95584115968
A_hard,1,1,young,43123.07957632893
B_easy,0,1,middle,41799.04988386198
A_hard,1,0,middle,71370.82042970194
B_easy,0,1,old,43951.74129628114
B_easy,0,1,middle,69911.583096239
A_hard,1,0,middle,48000.75793595903
A_hard,1,1,young,54012.15823544655
B_easy,0,0,old,85602.86886250995
B_easy,0,1,young,68424.58308211553
B_easy,0,1,young,51620.036594347
A_hard,1,0,old,61589.88412691941
B_easy,0,1,young,50533.50824933821
A_hard,1,0,young,47453.37017092902
A_hard,1,1,middle,25603.745879763148
A_hard,1,0,young,29500.781589948718
A_hard,1,0,young,45770.800056542794
A_hard,1,0,middle,50521.300628713085
A_hard,0,0,middle,19464.140659634544
B_easy,0,1,middle,67459.31052000997
A_hard,1,1,young,32708.565351025536
A_hard,1,0,middle,64195.3202350675
A_hard,1,1,old,39720.533567632374
A_hard,1,1,young,28145.665956750214
B_easy,0,1,young,61137.068369388784
B_easy,0,1,young,46256.47498381912
A_hard,1,0,middle,64034.177121496876
B_easy,0,1,young,60007.953112996496
B_easy,0,1,middle,57724.85065360069
A_hard,1,1,old,53877.01528396512
B_easy,0,1,young,44925.7884119956
A_hard,1,1,middle,25662.69517007229
B_easy,0,1,young,66125.27369162455
A_hard,1,0,young,28504.939379867865
A_hard,0,0,middle,28499.84769375815
A_hard,1,0,middle,57551.34046831331
B_easy,0,1,old,67875.96164975909
A_hard,1,0,middle,26192.55686320633
A_hard,1,1,young,35712.95935587995
A_hard,1,0,middle,31444.026660805197
B_easy,0,1,young,86644.7894706087
A_hard,1,0,old,58590.156413559125
B_easy,0,1,middle,53687.32730992089
A_hard,1,0,young,53642.920340152385
A_hard,1,0,middle,24657.20721103756
A_hard,1,0,middle,34910.307732157606
A_hard,1,0,middle,46572.948989128294
A_hard,1,0,young,51783.46123718869
B_easy,0,1,young,58538.11311729834
A_hard,1,0,young,48720.20266071339
B_easy,0,1,young,61175.046899296896
A_hard,1,0,middle,42546.33896966524
B_easy,0,1,young,55557.816117136594
B_easy,0,1,middle,53606.026909833236
B_easy,0,0,middle,63479.06262942882
A_hard,1,1,young,51162.233837991844
B_easy,0,1,old,62975.38750978251
A_hard,1,0,middle,27321.044249984105
A_hard,0,0,young,30016.08223285219
A_hard,1,1,middle,50983.22708922101
A_hard,1,0,young,67075.09951006317
B_easy,0,1,old,62286.23192338133
A_hard,1,0,middle,38824.973812845084
B_easy,1,1,middle,63365.106831641635
A_hard,1,0,old,27947.678662298567
B_easy,0,0,old,79634.14734804696
A_hard,1,1,old,47798.91216762042
A_hard,1,0,young,34958.141801841775
B_easy,0,1,young,57498.068008606875
B_easy,0,1,middle,52094.456519045765
A_hard,1,0,middle,64675.049652252506
A_hard,1,0,middle,41966.398658294114
A_hard,1,0,middle,47330.48619173389
A_hard,0,1,young,53605.89684976938
B_easy,0,0,young,48888.50094353187
B_easy,0,1,middle,62905.641992027355
A_hard,1,0,young,49116.53354091315
A_hard,1,0,middle,21688.817684690683
A_hard,1,0,middle,48790.44733166415
B_easy,0,1,middle,59313.569025852914
A_hard,1,0,middle,46949.49438173995
B_easy,0,1,middle,60534.4457023585
A_hard,1,1,middle,48887.54809425123
A_hard,1,0,young,65060.14838514237
A_hard,1,0,middle,27307.388818723357
B_easy,0,1,middle,54867.714967493695
A_hard,1,1,young,54999.27943444255
A_hard,1,0,middle,52213.88801591867
A_hard,1,0,old,51891.083300131264
A_hard,1,0,young,86303.65823510007
B_easy,0,1,middle,69212.03286175059
A_hard,1,1,old,61964.06694382537
A_hard,1,0,old,40393.919117212376
A_hard,1,1,middle,30106.31439154077
A_hard,1,0,middle,40285.23856149549
A_hard,1,0,old,55679.40257015106
A_hard,1,0,middle,51102.41782243763
A_hard,1,0,young,51048.7705589832
A_hard,1,0,young,41784.834198043085
A_hard,1,0,middle,39392.96071780537
A_hard,1,0,middle,42302.141335600834
A_hard,1,1,young,55867.13175247819
A_hard,1,1,young,57610.91142255627
A_hard,1,0,middle,29906.375254931583
A_hard,1,0,middle,56435.13839147174
A_hard,1,1,old,35239.18153865656
A_hard,1,0,middle,52033.8247776158
A_hard,1,1,old,42120.513863062675
A_hard,1,0,old,68486.82823858477
A_hard,1,1,young,38728.880565282816
A_hard,1,0,middle,47679.17761342175
A_hard,1,0,young,54098.897363391414
A_hard,1,0,old,31890.61724815677
B_easy,0,1,young,58907.14416859582
A_hard,1,1,middle,41001.22673065294
A_hard,1,1,old,37292.7977489104
A_hard,1,0,young,38404.15497775141
B_easy,0,1,old,76680.21897205192
A_hard,1,0,young,36021.738978595
A_hard,1,0,middle,53496.11824007409
A_hard,1,0,middle,49718.925030467166
A_hard,1,1,young,24045.298263372362
A_hard,1,1,middle,52787.541576396616
B_easy,0,1,old,38797.301853634584
B_easy,0,1,young,69421.37742247741
B_easy,0,1,middle,52392.12535303728
A_hard,1,0,old,45125.508798846786
A_hard,1,0,middle,25585.800755604916
B_easy,0,1,young,61835.73485407224
A_hard,1,0,old,58904.25626955929
B_easy,0,1,young,47895.51857966069
A_hard,1,1,middle,35892.493707839836
A_hard,1,0,middle,51819.31535351234
A_hard,1,0,middle,52194.27485470409
B_easy,0,1,young,23487.310523872402
A_hard,1,1,young,75231.0954567416
A_hard,1,0,middle,52928.30225322497
A_hard,1,0,young,55453.779936794424
A_hard,1,0,middle,42846.89330006974
A_hard,1,0,middle,17169.697371716327
B_easy,0,1,middle,70120.8309187536
A_hard,1,1,young,36522.179576536706
B_easy,0,1,young,68158.9754127501
B_easy,0,1,old,56717.98394605907
A_hard,1,0,middle,48570.59068674566
A_hard,1,1,young,33375.05427886133
A_hard,1,1,young,57965.83414018397
A_hard,1,0,young,27174.314408134924
A_hard,1,0,old,78683.54138008785
B_easy,0,1,young,93569.22952480518
B_easy,0,1,young,84490.49378199766
B_easy,0,1,middle,79132.18478661765
A_hard,1,0,young,43731.77462649538
A_hard,1,1,young,62498.20058620813
B_easy,0,1,old,58557.352525858085
A_hard,1,0,middle,21697.236866320396
A_hard,1,0,young,67548.02121046031
A_hard,1,0,middle,61932.36694383758
A_hard,1,0,young,44529.91338516847
A_hard,1,0,young,26622.236140032746
A_hard,1,1,middle,36206.98985131539
A_hard,1,0,middle,17682.816226687355
B_easy,1,1,middle,74176.21278926966
B_easy,0,1,old,35950.365497037295
A_hard,1,0,young,49302.463052200146
B_easy,0,0,old,47344.59978330468
B_easy,0,1,middle,38599.44832500785
A_hard,1,0,young,48575.32639917858
A_hard,1,0,old,39993.00922031953
A_hard,1,1,young,57572.836581380514
A_hard,1,0,middle,25985.920969069397
B_easy,0,1,middle,48640.28031789267
A_hard,1,0,young,9185.36687263663
A_hard,1,0,old,12234.79976508116
A_hard,1,0,young,71972.8861496777
A_hard,1,0,old,76253.97366149504
B_easy,0,1,young,61390.893078359295
A_hard,1,0,young,32642.56851140232
A_hard,1,0,young,40523.266117648396
A_hard,1,1,old,58103.61303729546
A_hard,1,0,young,37284.16470266931
A_hard,1,0,old,48564.508005625335
A_hard,1,0,young,44808.65924278126
A_hard,1,1,middle,36467.80994875713
A_hard,1,0,young,37107.108810121936
B_easy,0,1,young,64399.813075282626
A_hard,1,1,old,30346.67795418838
A_hard,1,0,middle,51775.940184352745
A_hard,1,0,middle,37926.31560526227
B_easy,0,1,middle,61910.50956972345
A_hard,1,0,middle,65759.43849252838
A_hard,1,0,middle,42477.11932159571
A_hard,1,0,old,58797.06510287988
A_hard,1,0,middle,18119.50716174257
B_easy,0,0,middle,52944.55479539108
A_hard,1,0,middle,45415.32931614109
B_easy,0,1,middle,88849.96018809688
B_easy,0,1,middle,30600.718751101642
A_hard,1,0,middle,43556.852071608344
B_easy,0,1,middle,81850.33276374394
A_hard,1,0,middle,33224.69392099692
B_easy,0,1,old,56807.417843614945
A_hard,1,0,old,49976.08477583309
A_hard,1,0,old,47767.6283058417
A_hard,1,1,middle,68486.55713181621
A_hard,1,1,middle,51727.10715109848
A_hard,1,1,young,64916.593432713285
B_easy,0,1,middle,54599.87464035133
A_hard,1,1,young,33892.11883124555
A_hard,1,0,young,41614.15210470547
A_hard,1,1,old,27613.453599485976
A_hard,1,0,old,52252.67544315143
A_hard,1,1,middle,39211.82830867131
B_easy,0,1,young,49923.16650033787
A_hard,1,0,middle,52479.87614431503
A_hard,1,0,middle,27844.26333038567
A_hard,1,0,old,56557.53320783692
A_hard,1,0,old,37824.93917262959
A_hard,1,1,young,62386.44666141276
B_easy,0,1,young,54108.93632655649
A_hard,1,0,young,54478.644998368865
B_easy,0,1,young,62693.435606593586
A_hard,1,0,young,56158.5281057173
A_hard,1,0,young,46649.20338221441
B_easy,0,0,young,35049.038814851345
B_easy,0,0,young,75131.90308863198
B_easy,0,1,young,58684.75616313139
B_easy,0,1,middle,71842.7411603222
B_easy,0,1,young,70353.69715303284
B_easy,0,0,old,48400.55278482987
A_hard,1,0,young,31278.06892237055
B_easy,0,1,young,69830.32652173506
A_hard,1,1,young,40451.26455884229
A_hard,1,1,middle,59046.43919199746
A_hard,1,0,young,42326.98585705465
B_easy,0,1,middle,75351.14666172431
B_easy,0,1,young,66349.56726313653
A_hard,1,0,old,49319.624905712226
B_easy,0,1,young,54389.83201889588
B_easy,0,1,middle,63486.41421092275
A_hard,1,0,old,62892.79072429064
A_hard,1,0,young,44186.768120050205
A_hard,1,0,young,52967.61665525783
B_easy,1,1,old,60695.40114374559
A_hard,0,1,young,46869.06064118133
B_easy,1,1,young,85851.16135407449
A_hard,1,1,middle,63025.95046559327
B_easy,0,1,young,61191.05722793577
A_hard,1,0,old,48216.81131904051
B_easy,0,1,middle,49471.94244673547
A_hard,1,0,middle,42405.4268060257
A_hard,1,0,young,49640.96681322923
B_easy,0,1,middle,72759.20384353692
B_easy,0,1,middle,71238.31345366378
B_easy,0,1,young,43361.11416143234
A_hard,1,0,old,59654.74096017947
A_hard,1,0,middle,43668.39480933671
A_hard,1,0,middle,30195.12966483693
A_hard,1,0,young,65045.77106147882
A_hard,1,0,young,66949.1849510693
B_easy,0,1,middle,63956.2047351099
B_easy,0,1,middle,70631.90402857852
B_easy,0,1,young,71511.73813116648
B_easy,0,1,young,80936.58229218377
B_easy,0,1,old,70921.02788147588
A_hard,1,0,young,25084.67583842147
A_hard,1,0,young,75147.11623456691
A_hard,1,0,middle,60984.853342200644
B_easy,0,0,young,52357.13692090853
A_hard,1,1,young,29555.623914638854
A_hard,1,0,young,52572.20145606126
A_hard,1,0,old,40826.09942448631
A_hard,1,0,young,49949.93030998439
A_hard,1,0,middle,56151.10261917395
B_easy,0,1,old,51503.37168004807
A_hard,1,0,middle,28258.380109734935
A_hard,1,0,middle,50787.27701807967
B_easy,1,1,middle,51999.18217084539
A_hard,1,1,young,47191.43678598597
B_easy,0,0,middle,39850.10344556603
A_hard,1,0,old,41217.259132880434
A_hard,1,0,middle,55724.27836559995
A_hard,1,0,middle,54088.98761470195
A_hard,1,0,young,33174.630436900974
B_easy,0,0,old,42476.034460229224
A_hard,1,0,young,45236.45534627688
A_hard,1,0,old,53415.49195529113
A_hard,1,0,young,51077.62710288826
B_easy,0,1,middle,52317.602334580355
B_easy,0,1,old,64467.36663729905
B_easy,0,1,middle,82535.33206913993
A_hard,1,1,young,48077.17030963541
A_hard,1,0,old,20502.7809627207
A_hard,1,0,young,48048.00507150963
A_hard,1,0,young,75659.35456818914
B_easy,0,1,middle,40689.137803266065
B_easy,0,1,middle,60445.869927435335
A_hard,1,0,middle,41604.96850451799
A_hard,1,0,young,46438.24438912596
B_easy,0,1,middle,62913.78229730658
A_hard,1,0,old,62099.57979094387
A_hard,1,0,young,46271.74929601216
A_hard,1,1,middle,64158.89335818071
A_hard,1,1,middle,43235.16511820276
A_hard,1,0,old,39747.9483903805
A_hard,1,1,middle,34962.25525442092
A_hard,1,0,old,17743.694563197707
A_hard,1,1,young,49136.7211788876
A_hard,1,0,young,75810.00432707764
A_hard,0,0,old,51873.53215928792
B_easy,0,1,old,70301.21031242519
B_easy,0,0,middle,53804.530124783174
A_hard,1,0,middle,41334.99913089494
A_hard,1,0,middle,59769.622324998934
B_easy,0,1,young,90130.4046043473
A_hard,1,0,old,67319.2190369523
A_hard,1,1,old,57078.66944592033
B_easy,0,1,middle,60527.258690857634
A_hard,1,0,young,48145.783714009856
B_easy,0,1,young,48697.39020857619
A_hard,1,0,young,23277.487180460146
A_hard,1,0,middle,28098.024633600886
A_hard,1,1,middle,45747.00051782906
A_hard,1,1,young,40620.11607859984
A_hard,1,0,middle,22958.37442920473
A_hard,1,0,old,44440.149314253955
B_easy,0,1,young,55223.545133010826
A_hard,1,0,middle,27407.267170738796
A_hard,1,0,middle,39447.31484069894
B_easy,0,1,young,55185.70498925484
B_easy,0,1,middle,50750.442901133
A_hard,1,0,middle,58900.052471639094
A_hard,1,0,young,16456.47656860032
B_easy,1,1,young,30213.01513933543
A_hard,1,0,old,45049.286766736375
B_easy,0,1,young,61441.90784088459
B_easy,0,0,middle,66063.2270402846
B_easy,0,1,middle,51915.39737581359
A_hard,1,0,old,31231.14292361502
A_hard,1,0,middle,44890.25800957579
A_hard,0,0,old,38376.32796978006
A_hard,1,0,middle,68266.07106983542
B_easy,0,1,middle,55136.591251122125
A_hard,1,0,young,44202.22272424383
A_hard,1,0,young,82131.27209396914
A_hard,1,0,middle,42078.596599039694
B_easy,0,1,young,68342.35297798636
A_hard,1,0,middle,54694.6415007953
A_hard,1,0,young,55971.02465577322
A_hard,1,1,young,49342.30898116878
A_hard,1,0,young,47907.61191615764
A_hard,1,0,middle,46505.014347556746
A_hard,1,0,middle,36360.0914664934
A_hard,1,0,old,49882.782042589024
A_hard,1,1,middle,75429.68756136888
A_hard,1,0,old,63160.228634453364
A_hard,1,0,middle,49558.77033336955
A_hard,1,1,young,57837.44697158985
A_hard,1,0,old,31962.361369040213
A_hard,1,0,young,41092.31768700422
A_hard,1,0,middle,59217.74766276083
A_hard,1,0,middle,67307.50790187287
A_hard,1,0,young,33437.00741856933
A_hard,1,0,middle,37746.17535865265
A_hard,1,0,young,77720.63690817804
B_easy,0,1,young,61443.91874653459
A_hard,1,0,young,72350.42959050568
A_hard,1,0,young,48102.85975913689
A_hard,1,0,young,48692.70423488153
A_hard,1,0,middle,40417.63668510154
A_hard,1,0,middle,59138.32712265343
B_easy,0,0,middle,80366.66325456
B_easy,0,1,middle,44474.966547886994
A_hard,1,0,young,39713.24171669345
A_hard,1,0,young,58726.17786561331
A_hard,1,0,middle,43056.770433235084
A_hard,1,0,old,37599.21797200185
A_hard,1,1,middle,60143.13230804103
A_hard,1,0,young,61551.79807068767
A_hard,1,0,middle,38255.36863991792
B_easy,0,0,old,63185.49791981919
A_hard,1,0,middle,26872.878061436506
A_hard,1,1,young,31567.786342819512
B_easy,0,1,young,61862.4784820007
A_hard,1,0,middle,45471.101813697656
A_hard,1,1,old,30496.858624040484
A_hard,1,0,middle,34260.39112911637
B_easy,0,1,young,44024.33445066661
A_hard,1,0,middle,51825.89785369816
A_hard,1,0,old,15485.4120496215
A_hard,1,0,middle,29826.341556597057
A_hard,1,0,old,17055.876782515184
A_hard,1,0,young,51285.30905786971
A_hard,1,0,young,17958.996749179478
A_hard,1,0,middle,45475.93797803311
A_hard,1,0,middle,69592.86023621135
B_easy,0,1,old,85101.50971906353
A_hard,1,0,middle,17911.386462317685
B_easy,0,1,young,64476.14402446434
A_hard,1,0,young,30165.430554293183
A_hard,1,0,middle,27102.959464346128
B_easy,1,1,young,58297.95068414889
B_easy,0,1,middle,78424.36735399687
A_hard,1,0,young,53994.883113305375
B_easy,0,0,young,49272.88607275679
A_hard,1,1,middle,55575.50996115003
A_hard,1,0,young,11344.37502177481
B_easy,0,0,middle,48705.813023501396
A_hard,1,1,middle,32641.62682948124
B_easy,0,1,middle,61174.810376083966
A_hard,1,0,middle,41957.580545100005
B_easy,0,1,middle,57877.933595701725
A_hard,1,0,old,42379.20704840792
A_hard,1,0,young,45336.1086148363
A_hard,1,0,young,53101.964504373354
A_hard,1,0,middle,47239.96539153574
A_hard,0,1,middle,40734.72275093162
A_hard,1,0,middle,51026.22419707173
A_hard,1,0,middle,57391.85315479146
A_hard,1,0,middle,36659.61163916056
A_hard,1,0,young,44108.95903990986
B_easy,1,1,middle,77428.5984456988
B_easy,0,1,young,43458.58984098965
B_easy,0,1,middle,87070.53294383915
A_hard,1,0,middle,24912.67537890637
B_easy,0,1,middle,54819.53083192895
A_hard,1,0,young,30747.150046859824
A_hard,1,1,old,77818.90495304065
A_hard,1,0,middle,37449.749567292725
A_hard,1,0,middle,37487.38265207201
A_hard,1,0,old,39438.76890090121
A_hard,1,0,middle,46434.042118409256
B_easy,0,1,middle,55073.373316432335
A_hard,1,0,young,43006.697930664006
A_hard,1,0,young,-7938.149295356066
B_easy,0,1,young,60857.39754002741
A_hard,1,1,young,45267.09932229967
A_hard,1,0,middle,60578.5319611859
B_easy,0,1,young,79635.91422419103
B_easy,1,1,middle,57184.379079123035
A_hard,1,0,young,57243.436225109326
A_hard,1,0,young,28476.468293327904
A_hard,1,0,old,56510.13514044157
A_hard,1,0,middle,36412.86301298135
A_hard,1,0,old,27229.53797804918
A_hard,1,0,middle,42216.169826939244
A_hard,1,0,young,66007.0867079667
B_easy,0,1,middle,62715.0830509627
A_hard,1,0,middle,67447.32221517569
A_hard,1,0,young,33769.00929276294
A_hard,1,0,old,60717.76656821984
B_easy,0,1,middle,50217.59944144582
A_hard,1,1,middle,48379.930072338044
A_hard,1,0,middle,48250.24242989122
A_hard,0,0,middle,54922.376008862586
A_hard,1,0,young,48761.109298669915
A_hard,1,0,old,33912.23193267274
B_easy,0,1,middle,73204.60428138846
A_hard,1,1,young,70974.84891488092
B_easy,0,1,young,51242.94866615823
B_easy,0,1,middle,32471.518853324516
A_hard,1,0,old,52489.79352530683
A_hard,1,0,old,40032.294089217765
A_hard,1,1,middle,43033.45716067055
B_easy,0,1,old,68342.66633596519
A_hard,1,0,middle,38154.11355261602
A_hard,1,0,young,40967.22042984493
A_hard,1,0,middle,43498.207245951206
B_easy,0,1,young,82046.30906977525
A_hard,1,0,young,45451.044061703724
A_hard,1,0,middle,26464.8962877756
A_hard,1,0,young,27061.82278288327
B_easy,0,1,old,62088.44882489402
A_hard,1,0,old,28058.579989635313
A_hard,1,0,young,21565.447696137588
B_easy,0,1,middle,69533.03986401016
B_easy,0,1,middle,70267.47604302966
A_hard,1,0,young,39477.9519915922
A_hard,1,1,young,49404.88936727564
B_easy,0,1,young,62821.82466293251
B_easy,0,1,young,69036.29078953629
A_hard,1,0,young,54071.24855909699
A_hard,1,0,young,5913.1711870916115
B_easy,0,1,young,56392.515622764084
B_easy,0,0,old,67768.562822672
B_easy,0,1,young,53843.15113441478
A_hard,1,1,young,45543.0395888974
A_hard,1,0,middle,56260.49972517116
B_easy,1,1,young,61213.87849878243
B_easy,0,1,middle,82618.79125852301
B_easy,0,1,young,76904.79378421682
A_hard,1,0,middle,43221.53770542849
A_hard,1,0,middle,42029.30743912832
B_easy,0,1,middle,17245.13842197953
A_hard,1,0,middle,40102.46704664211
B_easy,0,1,middle,39700.966609342104
A_hard,1,0,young,48318.44313000934
B_easy,0,1,young,62293.060666800026
B_easy,1,1,middle,70437.83634040167
A_hard,1,0,young,65950.05707922287
A_hard,1,0,young,44605.95855492047
A_hard,1,0,middle,79206.24467884793
A_hard,1,0,young,48486.77167829856
A_hard,1,0,young,25346.754094250507
A_hard,1,0,middle,36568.921873348205
B_easy,0,1,young,54408.79949538267
A_hard,1,0,old,53881.90726730068
A_hard,1,1,old,30791.251496560493
A_hard,1,1,old,40530.36175785906
A_hard,1,0,middle,42584.3957880587
A_hard,1,0,young,38278.187885166844
A_hard,1,0,middle,57171.230725195775
A_hard,1,1,middle,54619.820826980336
A_hard,1,0,middle,62498.50702655938
B_easy,0,1,young,55034.622283332006
A_hard,1,0,young,63037.91351471853
A_hard,1,0,young,24540.04371034431
B_easy,1,1,young,39174.235485152145
B_easy,0,1,young,41792.9747086318
A_hard,0,0,old,45138.175389481345
A_hard,1,0,young,63035.671748666326
A_hard,1,1,middle,35967.86879040555
A_hard,1,1,old,37849.59892553344
A_hard,1,0,young,41759.73067035994
A_hard,1,0,middle,53592.42185081482
A_hard,1,0,middle,37835.620449681395
A_hard,0,1,young,36998.74563125248
B_easy,0,1,middle,39819.071049634644
A_hard,1,0,old,36424.183332343186
A_hard,1,1,middle,62661.92629402998
A_hard,1,0,old,46363.89012717715
A_hard,1,0,old,33902.182346281275
A_hard,1,0,young,63542.15959093401
B_easy,0,1,middle,51221.79746909719
B_easy,0,1,middle,81299.33369223698
B_easy,0,1,middle,81054.1046685015
B_easy,0,0,middle,60840.17439562003
B_easy,0,1,middle,37521.75708942469
B_easy,0,1,old,94342.50923018632
A_hard,1,0,young,50809.14084396819
A_hard,1,0,middle,40141.694629191144
A_hard,1,1,young,59341.918721625836
A_hard,1,0,middle,55534.54180532021
A_hard,1,0,middle,64664.075248296605
B_easy,0,1,middle,50064.78316980156
A_hard,1,0,middle,49777.10119161588
A_hard,1,1,middle,27211.946546325948
A_hard,1,0,young,54995.01593611851
A_hard,1,0,young,44655.81945559219
A_hard,1,0,young,49215.13883230218
B_easy,0,1,old,57804.75414239295
A_hard,1,0,young,41235.16769117458
B_easy,0,1,old,46976.53238977929
A_hard,1,1,young,56856.4532202635
A_hard,1,0,middle,67345.56055112157
A_hard,1,1,middle,36649.97461634872
B_easy,0,1,middle,68303.10757456641
B_easy,0,1,middle,66482.75436990363
A_hard,1,0,middle,45121.46717023288
B_easy,0,1,old,37101.06399952925
A_hard,1,0,middle,25476.039733341113
B_easy,0,1,young,48285.27073272644
A_hard,1,0,young,12914.929146421026
A_hard,1,1,middle,66120.46094858422
B_easy,0,1,middle,65515.5484376957
A_hard,1,0,middle,44550.58427401317
A_hard,1,1,middle,12146.462710982574
A_hard,1,0,young,17641.937174693994
A_hard,1,1,middle,44964.879177195624
B_easy,0,1,middle,89557.34948225965
B_easy,0,1,middle,49520.337061903774
B_easy,0,1,middle,72956.97021618657
A_hard,1,0,old,37801.463884875586
A_hard,1,0,middle,45828.588889333
A_hard,1,0,old,63220.25773339397
A_hard,1,0,young,39810.72554750184
A_hard,1,1,middle,34648.426379218
B_easy,0,1,middle,81271.05831187146
B_easy,0,1,middle,60683.36731670393
B_easy,0,0,young,76368.07635879244
A_hard,1,0,middle,34721.2665992297
A_hard,1,0,young,66100.11313441464
A_hard,1,0,old,49104.40911801917
A_hard,1,0,young,51521.81439321988
A_hard,0,0,young,46974.43967143762
A_hard,1,0,middle,37417.87527005248
A_hard,1,0,young,44974.757842575425
B_easy,0,1,young,53361.146430159504
A_hard,1,0,middle,59393.19093967178
B_easy,0,1,middle,56954.14249397007
A_hard,1,0,young,22552.391583091507
A_hard,1,0,middle,19808.643975160743
A_hard,1,0,middle,19099.227715193632
A_hard,1,0,middle,54269.56136330912
A_hard,1,0,young,27727.435329398337
A_hard,1,0,young,49501.2866375785
B_easy,0,0,old,62048.6177623712
A_hard,1,0,middle,44029.371076353345
A_hard,1,0,young,51576.07805073554
A_hard,1,0,old,47374.553056357894
A_hard,1,0,young,4354.053858285748
A_hard,1,1,middle,40145.621387272644
A_hard,1,1,middle,51376.547010951464
B_easy,0,0,old,84604.24216132498
B_easy,0,1,old,85296.86424873746
B_easy,0,1,young,39552.74229622115
A_hard,1,0,middle,39754.12051030841
A_hard,1,0,young,21508.277794380032
B_easy,0,1,middle,82798.27612665124
A_hard,1,0,middle,60192.84312222826
A_hard,1,0,young,50258.81830294762
A_hard,1,1,young,47491.422918903154
B_easy,0,1,young,80709.46650524212
A_hard,1,0,young,63169.877921402076
B_easy,0,0,young,77370.67044984181
B_easy,0,1,old,66850.1978967339
A_hard,1,0,middle,39761.57550728756
B_easy,0,1,middle,71506.87248026337
A_hard,1,0,old,57240.62857882672
A_hard,1,0,middle,42140.4379561206
A_hard,1,0,young,39731.26621748638
B_easy,1,1,old,76999.69904337314
A_hard,1,0,middle,69961.74163154411
A_hard,1,0,middle,33759.063286278506
A_hard,1,0,old,41049.349868280384
A_hard,1,1,middle,50263.99614682047
A_hard,1,0,middle,52298.98496622916
A_hard,1,0,old,37164.50461138059
A_hard,1,0,middle,73252.80945516066
B_easy,1,1,old,66331.42898317757
A_hard,1,0,young,52970.75112705829
B_easy,0,1,young,86383.26122267632
A_hard,1,0,middle,38264.07562133115
A_hard,1,0,young,43673.52185336583
A_hard,1,0,old,26200.16656467557
A_hard,1,0,young,42414.74291619633
B_easy,0,1,middle,37666.087140969554
A_hard,1,0,young,56217.74031289758
A_hard,1,0,old,51299.95125104988
A_hard,1,0,young,40843.9603944219
B_easy,0,1,young,58493.64438273228
A_hard,1,0,young,56421.996227834854
A_hard,1,0,middle,27963.058696651526
B_easy,0,0,old,63062.51801178785
B_easy,0,1,old,70492.64709688118
B_easy,0,0,young,33265.88883889138
A_hard,1,0,middle,55274.070085530286
A_hard,1,0,young,19889.063051076497
A_hard,1,0,middle,43236.08274222701
B_easy,0,1,middle,42549.1334385716
A_hard,1,0,young,66468.69868935022
B_easy,0,1,middle,42643.18418771478
A_hard,1,0,old,20247.15162051926
A_hard,1,0,young,47000.28212394474
B_easy,0,0,young,53794.45529968766
A_hard,1,0,young,22430.921570041002
B_easy,0,1,young,67887.22798732274
A_hard,0,0,young,15127.51406325481
A_hard,1,0,middle,29456.385411253126
A_hard,1,1,young,36371.72594368823
A_hard,1,0,middle,57033.335882327105
A_hard,1,1,old,64432.02550519728
A_hard,1,1,old,61541.73370991359
A_hard,1,0,middle,42700.89314306651
A_hard,1,0,young,8590.376328072656
A_hard,1,0,young,50862.795318278375
A_hard,1,0,young,67058.6060883692
A_hard,1,0,old,63506.856117203526
A_hard,1,1,old,51944.2351461558
A_hard,1,0,young,27157.45853492321
B_easy,0,1,young,52120.394945573775
B_easy,0,1,middle,89007.21598118512
A_hard,1,1,young,23749.056980037993
A_hard,1,0,old,27782.381577744214
A_hard,1,0,young,59138.273267479264
A_hard,1,0,young,38532.61132791708
A_hard,1,0,middle,27273.673166930672
A_hard,1,1,young,67919.56768084524
A_hard,1,0,young,51915.8396721771
B_easy,0,1,old,54272.98253434233
A_hard,1,0,young,27813.37746150727
A_hard,1,0,middle,75711.09845789906
B_easy,0,1,middle,59633.222718800884
B_easy,0,1,young,80959.9209370424
A_hard,1,0,young,58404.5031691416
A_hard,1,0,young,37186.47657505149
A_hard,1,0,young,37305.88327515328
A_hard,1,1,young,66694.7234690088
B_easy,0,1,old,81937.75998929967
A_hard,1,0,middle,16846.260358188985
A_hard,1,0,old,53246.70391473288
A_hard,1,0,middle,43181.777929145705
A_hard,1,0,middle,29500.15255592241
B_easy,0,1,middle,63926.19142075796
A_hard,0,0,young,24756.048135204084
A_hard,1,0,young,38003.1696803085
B_easy,0,1,middle,48022.89400845049
B_easy,0,0,middle,52503.13103766002
A_hard,1,0,middle,43927.82259507014
A_hard,1,0,young,29766.5000714177
A_hard,1,0,old,68597.68543309947
A_hard,1,0,young,52399.24850091188
A_hard,1,0,old,71918.44542573082
A_hard,1,0,old,42598.800463829706
B_easy,0,1,old,51768.150565543365
B_easy,0,1,middle,86376.23421739542
B_easy,0,1,young,51329.10390189022
B_easy,0,0,middle,57325.61967016313
B_easy,1,1,middle,70800.71115745972
B_easy,0,1,middle,41434.11287554083
B_easy,0,1,young,70669.42027190475
A_hard,1,1,young,53750.20599246904
A_hard,1,0,young,64039.879770567495
A_hard,1,0,middle,58350.667545152115
A_hard,1,1,middle,64499.67529316357
A_hard,1,0,old,43343.67149237385
A_hard,0,0,middle,32059.94521939409
A_hard,1,1,middle,76649.78121125043
A_hard,1,0,young,22099.565767170498
A_hard,1,0,middle,23602.303816892883
B_easy,1,1,young,68476.92060763246
B_easy,0,1,young,84374.79072266025
A_hard,1,1,young,47843.26268871248
A_hard,1,0,young,59989.55549553309
A_hard,1,0,young,15062.959087920623
B_easy,0,1,middle,52506.82556728294
B_easy,0,1,young,31890.78289285111
A_hard,1,1,young,56706.1643734299
B_easy,0,1,young,36791.53010116478
A_hard,1,0,middle,25832.71730951029
A_hard,1,0,middle,52710.37807442104
B_easy,1,1,young,75927.36528026595
A_hard,1,1,young,42615.478376561754
A_hard,1,0,old,53552.587561627646
A_hard,1,0,middle,53066.82250309638
A_hard,1,1,middle,41768.59710836292
B_easy,0,0,middle,43579.41775670627
B_easy,0,1,old,68473.37110326963
A_hard,1,1,old,54196.43536162624
A_hard,1,0,young,58410.36604635388
B_easy,0,1,middle,64680.99636118346
A_hard,1,0,young,27472.501297810104
B_easy,0,1,middle,70355.1024205377
A_hard,1,0,young,44979.283796574884
A_hard,1,0,young,37758.938335149855
B_easy,0,1,old,55580.462442094315
A_hard,1,0,old,34646.142324144304
A_hard,1,0,young,58332.656682816436
A_hard,1,0,old,23728.278996299694
A_hard,1,0,young,30097.710977903727
A_hard,1,0,middle,40068.40672992458
A_hard,1,1,old,69206.262723585
B_easy,0,0,young,75814.20823639273
B_easy,0,1,middle,35387.38795129162
A_hard,1,0,middle,65270.20633128729
A_hard,1,0,young,65241.30325475526
B_easy,0,1,middle,42389.87510966035
B_easy,0,0,young,22178.125941053324
A_hard,1,0,middle,43916.675664791364
A_hard,1,0,young,61836.36613949733
A_hard,1,0,young,68868.92954700303
A_hard,1,0,middle,31937.591034581244
A_hard,1,1,young,71279.68656994448
A_hard,1,0,middle,11581.014062749484
B_easy,1,1,middle,54479.24079256068
B_easy,0,1,middle,53741.83996176379
B_easy,1,0,young,77285.05537386454
A_hard,1,0,old,64474.5369890967
A_hard,1,1,middle,59313.354831500925
B_easy,0,0,young,39741.74926881158
B_easy,0,1,middle,72939.28547698383
A_hard,1,1,middle,52635.62952890238
B_easy,0,1,middle,34931.48422080614
A_hard,1,0,middle,13994.792567974695
B_easy,0,1,middle,75569.83935031164
A_hard,1,0,old,42298.51048531133
A_hard,1,0,middle,25722.26861317687
A_hard,1,0,old,41877.42106936847
A_hard,1,0,middle,50460.61621669804
A_hard,1,0,old,43757.23309998679
A_hard,1,0,old,21720.207703108706
A_hard,1,0,young,73283.35355346165
B_easy,0,1,young,75063.26953481838
A_hard,0,1,middle,39969.33822489799
A_hard,0,1,middle,40573.58016146569
B_easy,0,1,middle,65392.31092069764
A_hard,1,0,middle,28055.679063895026
A_hard,1,0,old,49840.14654805453
B_easy,0,1,middle,40039.01344708852
B_easy,0,1,middle,58941.98674732251
A_hard,1,0,young,27471.42750214712
B_easy,0,1,middle,43228.74026509928
A_hard,1,0,young,69685.83920427314
A_hard,0,0,middle,45888.38841426831
B_easy,0,1,middle,63111.097281017515
A_hard,1,1,middle,14829.302083780156
B_easy,0,1,middle,51044.97362218428
A_hard,1,0,young,51918.18178056521
B_easy,0,1,young,62912.04398921257
A_hard,1,0,young,12689.552679694418
A_hard,1,0,old,48107.06874985622
A_hard,1,0,old,50498.38205324534
A_hard,1,0,young,64256.42997298049
B_easy,0,1,young,50171.53321592486
A_hard,1,0,middle,11368.969197964936
A_hard,1,0,middle,30048.43872292267
A_hard,1,0,young,28544.024416971646
A_hard,1,0,young,56050.63316669961
B_easy,0,0,middle,19248.95117407023
A_hard,1,0,young,38274.65309891067
B_easy,0,1,young,81386.93210365882
A_hard,1,1,young,45108.18694250452
A_hard,1,0,middle,58444.752242646355
A_hard,1,0,middle,20373.024996733686
A_hard,1,0,young,20970.15730190516
B_easy,0,1,middle,81558.63686767852
B_easy,0,1,middle,61518.2304863588
B_easy,0,0,middle,61549.115433137165
A_hard,1,1,old,28227.707578395057
A_hard,1,0,young,46511.725934253474
A_hard,1,0,old,27810.936474898554
A_hard,1,1,middle,62803.05673358476
B_easy,0,1,middle,100917.46064802256
A_hard,1,0,young,52259.11580497994
A_hard,1,0,young,35475.804218076846
B_easy,0,1,young,21995.125042580126
B_easy,0,1,old,34733.03828186488
A_hard,1,0,middle,68322.92746540703
A_hard,1,0,middle,29562.122350933903
A_hard,1,0,middle,39437.476774702314
A_hard,1,1,young,54829.889618687674
A_hard,1,0,young,67234.34699042689
A_hard,1,0,middle,42006.19618254243
B_easy,0,1,middle,53929.99695500948
B_easy,0,1,middle,61074.31542766026
A_hard,1,1,middle,35585.43275041174
A_hard,1,1,middle,36392.71195060568
A_hard,1,0,old,51178.2017630081
A_hard,1,0,young,47779.3727675173
A_hard,1,0,middle,76974.07959837875
A_hard,1,0,middle,51582.732249531444
A_hard,1,0,young,62267.183221407424
A_hard,1,0,young,28930.72234915303
A_hard,1,0,young,52877.35935045407
A_hard,1,0,young,34155.27980098411
B_easy,0,1,middle,65931.79894944836
A_hard,1,0,young,55327.718971722614
A_hard,1,0,middle,45748.03266002211
B_easy,0,1,young,96109.8858221219
A_hard,1,0,young,66419.69653662678
A_hard,1,0,young,62658.679992436446
B_easy,0,1,young,71464.29288555021
A_hard,1,0,old,71450.41226595067
A_hard,1,1,young,23445.46053796176
A_hard,1,1,young,65554.24676985864
A_hard,1,0,young,30131.335320007158
A_hard,1,0,young,36534.913213999054
A_hard,1,0,middle,53420.88666092502
A_hard,1,0,middle,63498.30248266086
A_hard,0,0,young,27696.35052477057
A_hard,1,0,middle,37311.826834834035
A_hard,1,0,middle,46462.981087519656
A_hard,1,0,old,42204.50992956429
B_easy,0,1,middle,72810.48091852781
A_hard,1,0,young,96538.9142397678
A_hard,1,0,middle,51289.8106278882
A_hard,1,0,old,33972.05342756526
A_hard,1,0,middle,25552.375040415067
A_hard,1,0,old,40121.19129621592
A_hard,1,0,old,30896.251709568147
A_hard,1,0,young,52013.24687963135
B_easy,0,1,middle,66780.3245367634
B_easy,1,1,middle,53052.47693212565
A_hard,1,0,middle,74774.32520675674
A_hard,1,0,middle,33968.29021140159
A_hard,1,0,old,43208.533981527384
A_hard,1,1,middle,54587.439988347265
A_hard,1,1,middle,58380.823406547424
B_easy,0,0,young,79163.64782314799
B_easy,0,1,middle,66427.44718489858
B_easy,0,1,old,75763.69051181995
A_hard,1,0,middle,35023.37741958091
B_easy,0,1,young,73771.22940525573
A_hard,1,0,old,58570.93725234599
A_hard,1,0,old,67693.30012130304
A_hard,1,0,middle,19973.460116571863
B_easy,0,0,young,46392.25326598399
A_hard,1,0,middle,57347.11454050953
B_easy,0,1,young,20229.532801779045
A_hard,1,0,young,52380.09260682525
B_easy,0,0,middle,75897.0663739705
A_hard,0,1,old,36354.3712867434
A_hard,1,0,young,38547.14999832132
B_easy,1,0,old,43887.93979140144
A_hard,1,1,old,37176.79320402895
A_hard,1,1,young,37611.47247057364
A_hard,1,1,young,34757.38088301718
A_hard,1,0,middle,33934.82733323255
A_hard,1,1,middle,40934.9282266741
A_hard,1,0,young,40753.43526515818
A_hard,1,0,middle,73111.97849791584
B_easy,0,1,middle,54087.22285324485
A_hard,1,0,middle,50162.25324287788
A_hard,1,1,middle,36346.75550285548
A_hard,1,0,young,36156.06336237815
A_hard,1,1,young,19434.441934010665
A_hard,1,0,young,21429.5062828336
B_easy,0,1,old,41895.025805205005
B_easy,1,1,old,62755.452521401065
A_hard,1,1,middle,61142.60482926878
A_hard,1,0,young,18200.032096567233
A_hard,1,0,middle,36763.84797976774
A_hard,1,0,young,24496.639359744775
A_hard,1,0,young,41035.84358799675
A_hard,1,0,young,61136.54240560725
A_hard,1,1,old,38296.76397588037
A_hard,1,0,young,44287.24541700455
A_hard,1,1,middle,66828.42594588471
A_hard,1,0,old,51868.51395761864
A_hard,1,1,middle,33598.62216274797
A_hard,1,0,young,47383.729287535876
B_easy,0,1,old,47586.764828965635
A_hard,1,0,middle,51307.23019104
A_hard,1,0,middle,52730.10231109139
A_hard,1,0,middle,24492.604492523213
B_easy,0,1,old,62627.241260786606
A_hard,0,0,middle,43236.401130061204
B_easy,0,1,middle,68170.16095758168
B_easy,0,1,middle,72470.205765287
A_hard,1,1,young,52161.744061869074
A_hard,1,0,middle,40452.09969930371
A_hard,1,0,young,58999.950312960005
B_easy,0,1,young,46904.05835534623
A_hard,1,0,young,25192.170099457508
B_easy,0,1,young,12070.699731587993
A_hard,1,0,middle,43947.88572394267
A_hard,1,0,middle,32676.803407598476
A_hard,1,0,young,50966.31714113026
A_hard,1,0,young,15431.589089334484
A_hard,1,0,old,35292.321736507496
A_hard,1,1,old,52054.04858796728
B_easy,0,1,middle,44552.45780476529
B_easy,0,1,young,66138.85122919292
A_hard,1,0,young,36644.66107397939
A_hard,1,0,young,44507.875353300034
A_hard,1,1,young,53927.37009625283
B_easy,0,1,old,74291.9553467297
A_hard,1,0,middle,46387.386169809106
B_easy,0,1,young,47789.84557681883
A_hard,1,0,old,38129.41706430525
A_hard,1,1,middle,54554.330446304375
A_hard,1,0,young,29681.196247760898
A_hard,1,0,middle,42329.00105039692
B_easy,0,1,young,54211.73852457788
A_hard,1,0,old,43449.57325021553
A_hard,1,0,young,29860.762061259346
B_easy,0,1,middle,32220.834716818325
B_easy,0,1,young,67811.13923939466
B_easy,0,1,old,74461.97135232973
A_hard,1,0,middle,18117.375637527653
A_hard,1,0,middle,50533.89241389324
B_easy,0,1,young,76247.74372267765
A_hard,1,0,old,53938.665701434846
A_hard,1,0,middle,38749.947319859006
B_easy,0,1,young,45847.55445373863
A_hard,1,1,old,46214.671190249835
A_hard,1,0,young,48716.77588270321
B_easy,0,1,young,61437.11266733848
A_hard,1,0,middle,42297.98054823651
A_hard,1,0,young,28760.224138158635
A_hard,1,0,middle,51340.32436963278
A_hard,1,0,young,52062.81741620286
A_hard,1,0,young,48012.33188192508
B_easy,0,0,young,61664.90467606886
B_easy,1,1,young,85188.74231619158
A_hard,1,0,old,35634.318231399055
A_hard,1,0,middle,64221.52646184983
B_easy,0,0,middle,48989.63296167244
A_hard,1,1,young,61634.25859434642
A_hard,1,0,middle,63500.51325120815
A_hard,1,0,young,40604.23194897176
A_hard,1,0,young,69914.4458109125
A_hard,1,1,middle,52035.538301191336
A_hard,1,0,middle,31840.913382891486
A_hard,1,0,middle,39387.651084161866
A_hard,1,0,old,61991.43459159977
A_hard,1,1,old,58845.970528149744
A_hard,1,1,young,29129.39397931064
A_hard,1,1,young,42911.14031714254
A_hard,1,0,young,48052.84474164768
A_hard,1,1,middle,37385.93116386587
A_hard,1,1,old,80366.99585062079
A_hard,1,0,old,48504.95615107988
A_hard,1,0,young,44072.81713645426
B_easy,0,0,old,77862.76566387135
A_hard,1,0,middle,39521.79697741748
B_easy,0,1,old,75111.41415925985
B_easy,0,1,middle,34984.01406625523
A_hard,1,0,young,38195.189306316504
A_hard,1,0,young,60736.0562756587
B_easy,0,1,old,83552.96580884507
A_hard,1,0,middle,33400.564304910105
A_hard,0,0,young,31652.675456720273
A_hard,1,0,young,53511.696455556885
A_hard,1,0,young,35654.49157623431
A_hard,1,1,old,40971.33123366909
B_easy,0,1,young,73146.07537105736
B_easy,1,1,young,51838.46727578982
A_hard,1,1,middle,15518.613726964715
B_easy,0,1,middle,40483.73346591178
A_hard,1,0,young,45149.333785804214
B_easy,0,1,young,32048.65277290673
A_hard,1,1,young,40542.59374054019
B_easy,0,1,young,39118.55225634012
B_easy,1,1,young,84599.08510298398
A_hard,1,1,young,77477.1389214851
A_hard,1,0,middle,29127.04346486897
B_easy,0,1,old,63851.38020056877
A_hard,1,0,old,30593.944020047216
A_hard,1,0,young,40360.26596918233
B_easy,0,1,young,87052.03991933708
A_hard,1,0,old,37999.67178410272
A_hard,1,0,middle,40709.4380664433
A_hard,1,0,middle,30862.06099158455
A_hard,1,0,young,62192.840664972944
B_easy,0,1,young,11050.999462139596
A_hard,1,0,middle,38358.04017702569
A_hard,1,0,middle,44311.70858796812
A_hard,1,0,young,35083.840052236286
B_easy,0,1,old,72953.18261596751
A_hard,1,0,middle,63030.40925955711
B_easy,0,1,middle,38819.407306807276
B_easy,0,1,young,91402.29980656206
B_easy,0,1,middle,38651.117634697264
B_easy,0,1,middle,79329.46022513762
B_easy,0,1,young,62247.415478035415
B_easy,0,1,middle,52444.48354329278
A_hard,1,0,middle,38859.49605486246
B_easy,0,1,old,59497.308140095294
A_hard,1,0,young,48126.26792795673
A_hard,1,1,old,31197.68472942712
B_easy,0,1,middle,56490.900634824146
B_easy,0,1,young,48439.90765608608
B_easy,0,1,young,41774.25709389191
A_hard,1,0,young,32740.324463131547
A_hard,1,1,young,27750.380509568407
A_hard,1,0,middle,38697.67630874222
A_hard,1,1,middle,51487.12358202623
A_hard,1,0,young,46810.655312669434
A_hard,1,1,old,74615.17164990975
A_hard,1,1,young,11843.204794201243
B_easy,0,0,middle,67040.11449321284
A_hard,1,0,old,45096.303577865285
B_easy,0,1,old,72235.0551355795
A_hard,1,0,middle,55746.97806465613
A_hard,0,0,middle,42525.12374797234
A_hard,1,0,young,47589.769272851336
A_hard,1,0,young,33838.96180622273
B_easy,0,1,middle,69205.1996903168
A_hard,1,1,young,16816.859218159483
A_hard,1,0,young,56652.39657973976
B_easy,0,0,young,59652.39833645835
B_easy,0,1,old,52694.069432533666
A_hard,1,0,old,41512.00200829911
A_hard,1,1,old,42612.05648117429
A_hard,1,1,middle,64459.55640720752
A_hard,1,0,young,93502.4049487277
A_hard,1,1,young,63298.06236225573
A_hard,1,0,middle,36520.113211653654
B_easy,0,1,middle,69446.72736427918
A_hard,1,0,young,55099.937490862256
A_hard,1,0,middle,31122.589163291697
A_hard,1,0,middle,26088.010541689775
B_easy,0,1,young,59050.78606624817
A_hard,1,0,young,57115.61404052152
B_easy,0,1,middle,35822.87598597857
B_easy,0,1,middle,49186.53198518391
A_hard,1,1,old,53589.775634856094
A_hard,1,0,middle,45625.854199058704
A_hard,1,0,middle,66244.10430898493
A_hard,1,0,old,23829.488188854848
B_easy,0,1,young,95282.47400174184
A_hard,1,0,middle,21930.113346456306
B_easy,0,1,middle,29562.54421757609
A_hard,1,0,middle,44116.3083075404
A_hard,1,0,young,27983.11607630986
A_hard,1,0,old,44418.665039326814
A_hard,1,0,old,43894.09681568
A_hard,1,1,young,42063.386818388535
A_hard,1,1,young,32363.834517048315
A_hard,1,0,young,51489.84228869536
B_easy,0,1,middle,55239.94327849246
A_hard,1,0,middle,61554.97306132145
B_easy,0,1,young,57294.4162120754
A_hard,1,0,old,30530.28865700116
A_hard,1,1,young,19684.341722349218
A_hard,1,0,middle,42418.35852827443
A_hard,1,0,young,25961.93142956066
A_hard,1,0,middle,24750.57218992833
A_hard,1,0,middle,52911.859637204805
B_easy,0,1,young,33334.94908254912
A_hard,0,0,middle,66182.90067499368
A_hard,1,1,old,47395.745765933105
A_hard,1,0,middle,44342.36053462558
A_hard,1,0,old,29478.510891741207
A_hard,1,0,middle,56465.58444514407
A_hard,1,0,middle,44956.42599603907
A_hard,1,1,young,34708.55035888797
A_hard,1,1,middle,47997.370449773836
B_easy,0,0,young,34758.218168409294
A_hard,1,0,young,20470.09302676292
B_easy,0,1,young,43197.208720483824
A_hard,1,0,young,50242.90901414571
A_hard,1,0,old,44951.125172908025
B_easy,0,1,old,75734.6889833363
A_hard,1,0,middle,31200.152217471346
B_easy,0,1,young,68620.01760722013
A_hard,1,1,old,43291.94171407078
A_hard,1,0,middle,30854.32207888607
B_easy,0,0,young,65779.61506069379
A_hard,1,0,middle,44009.82212632151
A_hard,1,0,middle,35563.21208781902
A_hard,1,0,young,45629.98630716137
A_hard,1,0,middle,43057.04421093912
B_easy,0,1,middle,57694.67897223746
A_hard,1,0,young,38811.10275133801
A_hard,1,0,middle,25425.771916595433
B_easy,0,0,middle,61121.48123842308
A_hard,1,0,middle,32959.28439417878
B_easy,0,1,old,44695.066985338985
A_hard,1,0,old,41389.502338460894
A_hard,1,1,middle,56010.39816258267
B_easy,0,1,middle,62784.20261536472
A_hard,0,0,middle,37032.866874636165
A_hard,1,0,middle,36429.80913198214
A_hard,1,0,young,54537.19893283152
B_easy,1,1,middle,24048.9634582914
B_easy,0,1,middle,71960.47483799221
A_hard,1,1,middle,16889.763376044913
A_hard,1,0,old,23768.88137515529
B_easy,0,1,middle,52286.012531051616
A_hard,1,0,young,77551.86214396267
A_hard,1,0,young,70161.290400214
A_hard,1,0,young,55597.31633695703
A_hard,1,0,young,50348.135674431745
B_easy,0,1,middle,32065.84547981288
B_easy,0,1,young,62351.37244321048
B_easy,0,1,young,51761.67722160043
A_hard,1,1,young,32749.95999565917
A_hard,1,0,middle,47322.046349619886
A_hard,1,0,middle,37933.349858299516
A_hard,1,1,young,58039.49318953276
A_hard,1,1,young,15960.678485809989
A_hard,1,0,young,46125.171335189734
A_hard,1,1,young,31813.54164728935
A_hard,1,0,young,38855.4625662646
B_easy,0,1,young,64569.39629218863
A_hard,1,1,young,28240.38206084899
A_hard,1,1,old,47463.48208968697
B_easy,0,1,middle,56814.926921861035
B_easy,0,1,old,50091.19702234667
B_easy,0,1,young,52941.41270983621
A_hard,1,0,young,42681.72163219611
B_easy,0,0,old,48482.45231155182
A_hard,1,0,young,45106.41712988417
A_hard,1,0,middle,40827.35067500886
A_hard,1,0,old,35830.76194399559
A_hard,1,0,middle,68847.63350854475
A_hard,1,0,young,51228.59883842432
A_hard,1,1,middle,39259.316510655684
B_easy,1,1,young,62187.90646237063
A_hard,1,0,young,29597.697948397377
A_hard,1,0,young,38448.42589832125
A_hard,1,0,old,40198.83824342629
A_hard,1,0,middle,26298.091351351763
A_hard,1,0,young,50810.31071991627
A_hard,1,0,young,37415.80946080761
A_hard,1,0,middle,39667.999988288946
B_easy,0,0,old,51469.20211314967
B_easy,0,1,young,104386.35885964648
A_hard,1,0,young,35060.772747389805
A_hard,1,0,old,13969.845691712584
B_easy,0,1,old,36001.020435617465
B_easy,0,0,old,71389.53934043153
A_hard,1,0,young,65046.79037524694
B_easy,0,1,young,49773.04212940719
B_easy,0,1,middle,79184.24504453196
B_easy,0,0,young,71123.84999763817
A_hard,1,0,old,42157.79803520867
A_hard,1,0,young,41093.30574344197
A_hard,1,0,middle,47713.0533962348
A_hard,1,0,old,58161.83733230462
A_hard,1,1,old,50959.418483925336
A_hard,1,0,middle,34847.875473019565
A_hard,1,0,old,42386.89429460534
A_hard,1,0,young,74718.95182082886
B_easy,0,0,young,63768.206959442876
A_hard,1,0,young,58039.881403239226
A_hard,1,0,old,53098.27480873848
B_easy,0,0,old,64100.36615996554
B_easy,0,1,young,61630.48350022604
B_easy,0,0,young,73460.85937987469
B_easy,1,1,young,70779.63352966025
B_easy,0,1,young,63958.40217017323
A_hard,1,0,old,34593.56211678168
A_hard,1,0,young,50783.38208322708
A_hard,1,0,middle,43994.88095297875
A_hard,1,0,middle,40376.16132982386
B_easy,1,0,young,100181.63962449101
A_hard,1,0,young,21914.230384382587
A_hard,1,0,old,59377.69288586224
A_hard,1,0,middle,32059.93583619254
A_hard,1,0,middle,46967.93234015094
A_hard,1,0,young,83528.81278635278
A_hard,1,1,old,30564.465077639055
B_easy,0,1,old,49141.910177591046
A_hard,1,0,old,44737.29394272599
B_easy,0,1,middle,47291.74563552957
A_hard,1,0,old,58260.845264104515
A_hard,1,1,young,36982.058459050575
A_hard,1,0,middle,54810.144602240056
B_easy,1,1,middle,40062.16302299896
A_hard,1,0,middle,17897.527467686617
B_easy,0,1,old,56565.22531570426
A_hard,1,0,old,21472.382429436075
A_hard,1,1,middle,67774.03369148175
B_easy,0,0,middle,37052.94764257503
A_hard,1,0,old,29434.699684939536
A_hard,1,0,old,51204.298282119154
B_easy,0,1,middle,51204.54074906991
A_hard,1,0,young,22224.18045198594
A_hard,1,0,young,75599.46240107939
A_hard,1,0,old,29975.492952606393
A_hard,1,0,middle,42056.132887551765
B_easy,0,1,middle,56862.112198409544
B_easy,0,1,middle,70654.63727949867
A_hard,1,0,middle,51935.286910065886
B_easy,0,1,middle,47597.984434034915
A_hard,1,0,old,40112.5917383504
A_hard,1,0,young,41596.16349687277
A_hard,1,1,middle,56234.392472978434
B_easy,0,1,middle,42475.171277120986
A_hard,1,0,old,75271.65835133672
A_hard,1,0,young,33612.24918810834
A_hard,1,0,middle,44868.7590486511
B_easy,0,1,young,42600.158404601374
A_hard,1,0,young,25527.61482539075
A_hard,1,0,middle,31883.57386383564
B_easy,0,1,young,45442.151735036176
A_hard,1,0,old,38786.14463767754
A_hard,1,1,old,30315.524568543886
A_hard,1,0,young,55433.28631941315
A_hard,1,0,old,33255.241570224374
A_hard,1,0,middle,31592.767598221268
B_easy,0,1,middle,54105.46703824097
A_hard,1,0,old,59892.58318044442
A_hard,1,0,middle,48223.14260415599
B_easy,0,1,young,58504.65705168795
A_hard,1,0,young,23504.328450469813
A_hard,1,0,middle,27859.37310204436
B_easy,0,1,old,40823.85089940565
A_hard,1,0,middle,64602.768355085194
B_easy,0,1,young,67958.44684697472
B_easy,0,1,young,47075.69236613709
A_hard,1,1,old,36534.42534261517
A_hard,1,1,young,32620.647356439993
A_hard,1,0,middle,31712.08175428937
A_hard,1,0,middle,51904.51546824271
A_hard,1,0,young,40686.9566882353
A_hard,1,0,young,76217.51616446195
B_easy,0,1,young,78755.39736775498
B_easy,0,1,young,79642.20510700083
B_easy,0,1,middle,70070.35462422189
A_hard,1,1,old,38660.11394239216
A_hard,1,0,young,53966.86326794376
A_hard,1,0,middle,39767.50958207013
A_hard,1,0,young,69454.14076092544
B_easy,0,1,young,66064.19074574881
A_hard,1,0,middle,48935.40537904523
A_hard,1,1,middle,46906.08993644264
B_easy,0,1,middle,86103.99641041287
A_hard,1,0,young,23493.744992448217
A_hard,1,0,middle,72574.31741503089
A_hard,1,0,middle,42207.692888187936
A_hard,1,0,old,23907.765362765233
B_easy,0,1,middle,48716.85402535416
A_hard,1,0,old,20237.89105914626
B_easy,0,1,young,69804.8511837846
B_easy,0,1,middle,44425.605744802204
B_easy,0,1,middle,62530.0149930705
A_hard,1,1,young,62013.25545248772
A_hard,1,0,middle,34919.74607150795
B_easy,0,1,middle,55978.44460463412
A_hard,1,0,old,25449.500851259763
A_hard,1,1,young,39174.64336573204
B_easy,0,1,old,98610.35437910058
A_hard,1,0,middle,56668.997461656625
B_easy,1,1,middle,56029.04371659593
B_easy,0,0,middle,50824.67945727427
B_easy,0,1,young,59360.4990651535
A_hard,1,0,old,46950.76128290459
B_easy,0,1,old,53713.95439281363
A_hard,1,0,old,52950.88793656694
B_easy,0,0,old,45698.287649093865
B_easy,0,1,middle,45624.18487523598
B_easy,0,1,middle,65552.93185575306
A_hard,1,0,old,27470.373696534032
A_hard,1,0,young,55935.2587929381
A_hard,1,0,old,44785.790814046
A_hard,1,0,middle,17581.3617192418
A_hard,0,0,middle,46642.4868834142
A_hard,1,1,young,19722.800631165082
A_hard,1,1,young,55400.43014483492
B_easy,0,1,young,56269.28506124106
B_easy,0,1,middle,87766.2632476023
A_hard,1,0,middle,61069.6926655891
B_easy,0,0,young,44089.61240652263
A_hard,1,0,young,14688.90204237874
A_hard,1,0,middle,33673.481148129395
A_hard,1,0,young,26681.120957544434
B_easy,0,0,old,87386.07130315641
B_easy,0,0,young,59845.28011079773
B_easy,0,1,middle,74001.2820627475
B_easy,1,1,young,55724.53631174121
B_easy,0,1,middle,57304.98767579032
A_hard,1,0,middle,44510.59466236638
A_hard,1,1,middle,61598.0897788867
A_hard,0,0,middle,49674.37133511898
B_easy,0,1,middle,44139.99234785003
A_hard,1,1,young,69337.71207129626
A_hard,1,1,middle,40607.767515205305
B_easy,0,1,young,53167.19814185027
A_hard,1,0,middle,2557.420466264477
B_easy,0,1,middle,69515.99386742005
A_hard,1,0,middle,46515.18959492825
B_easy,0,0,middle,61498.88484902853
B_easy,0,1,young,53957.62993333773
A_hard,1,0,young,36371.73239800826
B_easy,0,1,young,54456.293597543554
A_hard,1,1,middle,51947.41306690919
A_hard,1,1,old,54586.76659550026
A_hard,1,0,middle,41534.526174381026
B_easy,0,1,middle,74234.06241475139
A_hard,1,1,young,43815.38728473784
A_hard,1,0,old,37436.60372814517
B_easy,0,1,young,62976.23362361047
A_hard,1,1,young,24609.203722592098
A_hard,1,1,old,48490.774636188726
A_hard,1,1,young,21867.268417104427
A_hard,0,0,young,29584.09560024354
B_easy,0,1,young,29719.628899250634
A_hard,1,1,middle,42373.24570992749
A_hard,1,0,young,69144.50553463641
B_easy,0,1,middle,58243.850083778474
A_hard,1,1,middle,54653.78069149691
B_easy,1,1,young,95284.70845968583
A_hard,1,1,young,51060.837721801436
B_easy,0,1,old,48521.819331179664
B_easy,0,0,young,50586.47095896244
B_easy,0,1,middle,60009.873123345096
A_hard,1,0,middle,35506.580321086134
A_hard,1,1,young,36628.69500279852
B_easy,0,1,middle,74778.80863889234
A_hard,1,0,middle,60392.344211583186
A_hard,1,0,middle,20296.612769270043
A_hard,1,1,old,32727.457231496708
B_easy,1,0,old,53039.93419629911
B_easy,0,1,middle,68986.33419247878
A_hard,1,0,middle,62146.13382758484
B_easy,0,1,middle,100529.51901410826
A_hard,1,1,middle,38014.900555760076
A_hard,1,1,young,38764.06928486957
A_hard,1,1,old,53828.550234565715
A_hard,1,0,old,34766.74921567711
A_hard,1,0,young,42885.572077642246
B_easy,0,1,old,53774.428368246816
B_easy,0,1,old,20675.191171437313
A_hard,1,0,middle,46848.49845227318
A_hard,1,0,old,42264.58561045815
A_hard,1,0,young,64068.465753853496
B_easy,0,1,young,60082.35611304532
B_easy,0,1,young,41178.787825287414
B_easy,0,1,middle,56128.51690530715
A_hard,0,0,young,13633.757352950579
A_hard,1,1,old,26836.232472005362
A_hard,1,0,young,54532.58952229496
A_hard,1,1,young,41289.89340069505
A_hard,1,0,middle,58837.62359247098
A_hard,1,0,young,15496.616236829283
B_easy,0,1,middle,56363.079040143704
A_hard,1,0,young,37867.31252418322
A_hard,1,0,old,59337.72873919809
B_easy,0,1,middle,70091.44152249934
A_hard,1,1,young,54633.78225132447
B_easy,1,1,young,83121.15057126152
A_hard,1,0,young,39478.69336070151
B_easy,0,1,old,80026.21252951078
A_hard,1,0,middle,29336.907736803958
A_hard,1,0,middle,28786.83375351459
B_easy,0,1,young,71291.19857247508
A_hard,1,0,old,22428.888923867977
A_hard,1,0,young,53591.48442628437
A_hard,0,0,middle,46519.69790581989
A_hard,1,1,middle,61077.790929823095
B_easy,0,0,young,59108.34052567666
A_hard,1,0,middle,45840.73419443291
A_hard,1,1,young,52638.97489387359
A_hard,1,0,young,35060.256749103326
B_easy,0,1,old,49406.90538764668
A_hard,1,1,middle,52116.44159765129
A_hard,1,1,old,44560.68286304044
B_easy,0,1,middle,53890.29124043579
A_hard,1,0,young,43758.23850453499
B_easy,0,1,middle,83918.39261757495
A_hard,1,0,middle,38354.72389890161
A_hard,1,0,young,37919.70580076976
A_hard,1,0,middle,19388.336630062575
B_easy,0,1,middle,59364.70592764328
A_hard,1,0,middle,54853.252668605885
A_hard,1,0,young,57542.971735213025
A_hard,1,1,old,46623.26402445799
A_hard,1,0,young,59337.50359621325
A_hard,1,0,young,55968.456028203625
A_hard,1,0,young,61694.25344538395
A_hard,1,0,old,59764.53983216343
A_hard,1,1,young,68549.67294160876
A_hard,1,0,middle,42454.602501506255
A_hard,1,0,young,25094.129364577373
A_hard,1,0,middle,54955.7811552813
A_hard,1,0,middle,56708.297839841645
A_hard,1,1,young,68549.9309007171
A_hard,1,0,old,64219.35534254559
A_hard,1,1,young,74182.08683796848
A_hard,1,0,young,54297.809704898
A_hard,1,0,middle,48432.15887907942
B_easy,0,1,middle,39225.253180113796
A_hard,1,0,young,49621.448017711205
B_easy,0,1,middle,51712.44964693023
A_hard,1,1,young,48172.650201487064
B_easy,0,1,middle,60817.69779464484
A_hard,1,0,middle,52076.00383275202
A_hard,1,0,old,43540.03935692234
A_hard,1,0,middle,59025.30286098877
B_easy,0,1,middle,19152.685306874133
A_hard,1,1,middle,47849.90362736767
A_hard,1,0,young,63037.34668728843
A_hard,0,0,young,73050.72762684322
B_easy,0,1,old,70979.42007577594
A_hard,1,0,young,70273.24533873808
A_hard,1,0,middle,47534.03993638114
A_hard,1,0,young,45042.938638905944
B_easy,0,1,old,67941.23464841627
A_hard,1,1,young,44952.08575663403
A_hard,1,0,old,33264.63797973959
B_easy,0,1,middle,52271.39633802151
A_hard,1,0,young,28317.706408857644
A_hard,1,0,middle,52925.65642297867
A_hard,1,0,middle,45170.87718750716
A_hard,1,0,young,39595.708248628536
A_hard,1,1,young,36499.74364744064
A_hard,1,0,middle,52575.8451929944
B_easy,0,1,middle,71706.72270915104
B_easy,0,1,young,43042.290052422264
A_hard,1,0,old,25684.729953365735
A_hard,1,0,young,59317.649334315225
A_hard,1,0,young,24373.001422671063
B_easy,0,1,middle,68212.30250733727
A_hard,1,0,young,69253.6379813102
A_hard,1,1,young,69288.52205089702
A_hard,1,1,middle,56068.08885948137
A_hard,1,0,young,55632.14272983181
A_hard,0,0,young,78778.61175294683
B_easy,0,1,middle,24984.06505659344
A_hard,1,1,middle,38034.964858790474
B_easy,0,0,old,72727.37773614902
A_hard,1,0,middle,39940.69488237065
B_easy,0,1,middle,78596.67462910552
B_easy,0,1,young,59409.68909534711
B_easy,0,1,middle,61976.15790506396
A_hard,1,0,young,40879.88003631093
A_hard,1,0,young,37162.335617879085
A_hard,1,0,old,36793.350552785225
A_hard,1,0,middle,49067.49445255165
A_hard,1,0,middle,33381.525512657
B_easy,0,1,young,74298.07325236932
B_easy,0,1,young,69798.38886904235
A_hard,1,0,middle,61491.24661454761
A_hard,1,0,middle,28066.134660105017
B_easy,0,1,middle,34507.85179820334
B_easy,0,1,young,59937.213665523544
A_hard,1,0,young,88482.00920339281
A_hard,1,0,middle,63993.13167141855
B_easy,0,1,middle,51683.30537239931
A_hard,1,0,young,51367.68201647011
A_hard,1,0,young,55913.803611655254
B_easy,0,1,young,39474.17638900708
B_easy,0,1,young,80544.38803551908
B_easy,0,1,middle,57488.63809768589
B_easy,0,1,young,58639.78733088209
A_hard,1,0,middle,45356.769891507836
A_hard,1,0,middle,62168.10208961842
A_hard,1,0,old,33672.26762697888
A_hard,1,0,old,19395.449928233214
A_hard,0,0,young,49844.329393500666
A_hard,1,0,young,14345.128707403066
A_hard,1,1,young,40483.4460729669
B_easy,0,0,middle,77803.11434788228
A_hard,1,0,young,53686.408552631074
A_hard,1,0,young,60635.34098587914
A_hard,1,0,young,54305.27047804243
A_hard,1,0,young,81155.01733175112
B_easy,0,1,middle,51176.405585147775
A_hard,1,0,middle,50971.97515512485
A_hard,1,1,middle,38428.19293181025
B_easy,0,1,old,74352.01904872307
A_hard,1,0,young,44076.37685924256
A_hard,1,1,young,70782.67319166068
A_hard,1,0,young,37037.76066897035
A_hard,1,1,middle,66106.89788575476
A_hard,1,0,middle,53897.09295815956
A_hard,1,1,young,44513.08396369529
A_hard,1,0,old,53136.63506789887
A_hard,1,0,young,48918.96581293788
A_hard,1,1,young,50339.32020377715
A_hard,1,0,middle,41896.93390358414
B_easy,0,1,old,49476.17238667513
A_hard,1,1,middle,39973.93320056204
A_hard,1,0,old,19752.82533077666
A_hard,1,1,young,57629.224987989386
A_hard,1,0,middle,26472.540417367803
A_hard,1,0,old,41735.294171464506
B_easy,0,1,middle,69720.6756222155
B_easy,0,1,young,72590.95075649867
A_hard,1,1,old,18380.22094744142
A_hard,1,0,young,43622.278871623836
B_easy,0,1,middle,66896.17049173234
A_hard,1,0,old,45780.2416389349
A_hard,1,0,old,65161.12436510317
A_hard,1,0,old,32672.896501280964
A_hard,1,1,old,14264.38304714705
B_easy,0,1,young,72154.89025152782
A_hard,1,1,old,36943.70820572269
B_easy,0,1,middle,33621.89103621003
A_hard,1,0,middle,42622.314141502895
A_hard,1,0,young,63458.36963897552
A_hard,1,0,old,26051.210732809526
A_hard,1,0,middle,80039.939309209
A_hard,1,0,old,32431.77608195007
A_hard,1,0,young,46305.16281188625
A_hard,1,1,young,26713.013732285875
B_easy,1,1,middle,60624.155230440214
A_hard,1,1,young,42993.78267361985
A_hard,1,0,middle,22657.591465033693
A_hard,1,1,young,87387.40453426365
A_hard,1,0,middle,37569.942464719585
B_easy,0,1,young,52583.06164040957
B_easy,0,1,young,74535.53819030483
B_easy,0,1,middle,87213.82325022703
A_hard,1,0,young,61896.553020064544
A_hard,1,0,young,26982.298154601205
A_hard,1,0,young,48208.63514241994
A_hard,1,0,young,16779.41276422508
A_hard,1,1,middle,58525.57621983535
A_hard,1,0,young,20472.17792204307
A_hard,1,0,young,32951.980145861446
A_hard,1,0,middle,44951.97743953034
A_hard,1,1,middle,51675.09841711518
B_easy,0,1,middle,56085.98064907021
B_easy,0,1,young,82786.25515099322
A_hard,1,0,old,55848.59373288419
B_easy,0,1,middle,69670.87131096312
A_hard,1,0,young,26558.986470230044
B_easy,1,1,old,85490.51846318104
B_easy,0,1,middle,47954.022835822325
A_hard,1,0,middle,71063.13649480641
B_easy,0,1,old,90332.92585388357
B_easy,0,1,young,67689.84798545662
B_easy,0,1,old,75480.19646519131
B_easy,0,1,middle,13756.203554146967
A_hard,0,0,young,42074.96376764434
A_hard,1,0,young,61532.48459879309
B_easy,0,1,young,73867.65402471127
A_hard,1,0,old,26704.149928501836
A_hard,1,0,young,40594.1694019819
A_hard,1,0,young,6954.517421982797
A_hard,1,0,middle,51194.8926025913
A_hard,1,0,middle,16750.073981597645
B_easy,0,1,young,76957.16764181358
A_hard,0,0,old,62740.87291076113
B_easy,0,1,middle,52884.49778390252
B_easy,0,1,old,67819.13895681134
A_hard,1,0,young,41743.51913909237
A_hard,1,1,young,48628.625925222994
A_hard,0,0,middle,27791.108651352755
B_easy,0,1,young,69337.38934859863
B_easy,0,1,middle,35382.22154663375
A_hard,1,1,young,17551.047565059274
A_hard,1,1,middle,43171.07524999512
A_hard,1,0,old,41831.35080583081
A_hard,1,1,old,49084.52595827626
B_easy,0,1,old,50257.38764645507
B_easy,0,1,old,88285.37498678383
A_hard,1,0,middle,47409.07484069163
B_easy,0,1,young,63493.22667774338
A_hard,1,0,old,47958.50816110568
B_easy,0,1,old,75043.64803422117
A_hard,1,0,old,53640.26121726696
A_hard,1,0,middle,51630.26849562419
B_easy,0,1,young,71039.76157298387
A_hard,1,0,old,17630.78044429213
A_hard,1,0,old,18197.28524121334
B_easy,0,0,middle,58859.11882047834
A_hard,0,0,old,42034.89175977147
A_hard,1,0,middle,53697.14766072312
A_hard,1,0,old,45300.253532752584
A_hard,1,1,young,53727.97401681316
A_hard,1,1,old,26316.070956580716
A_hard,1,0,young,44838.83144386958
B_easy,0,1,young,39884.14893063324
A_hard,1,0,young,50802.869015571014
A_hard,1,1,middle,16825.72436455019
B_easy,0,0,young,65224.65147811319
A_hard,1,1,old,22965.009286543318
